timestamp,node_id,epoch,step,loss
2026-07-05 11:33:25,iiitd11ael4hayepag4wvrvs4f7ajnntawsejpmu3eyp2,0,1,2.2222
2026-07-05 11:33:29,iiitd11ael4hayepag4wvrvs4f7ajnntawsejpmu3eyp2,0,2,2.1860
2026-07-05 11:33:30,iiitd11dylthhsyhp8vx085hch4zffl2gq9nhepur5j76,0,1,1.9136
2026-07-05 11:33:31,iiitd11vjvna7nkm0g8f95egfnwtjnxx0yvq8rtr3tfk9,0,1,2.6240
2026-07-05 11:33:32,iiitd11ael4hayepag4wvrvs4f7ajnntawsejpmu3eyp2,0,3,2.2655
2026-07-05 11:33:33,iiitd11dylthhsyhp8vx085hch4zffl2gq9nhepur5j76,0,2,2.0869
2026-07-05 11:33:34,iiitd11vjvna7nkm0g8f95egfnwtjnxx0yvq8rtr3tfk9,0,2,2.3211
2026-07-05 11:33:36,iiitd11xwpu5n65cy0vhlwcnzzwrstvu366a5ptsv7xz6,0,1,2.5521
2026-07-05 11:33:36,iiitd11ael4hayepag4wvrvs4f7ajnntawsejpmu3eyp2,0,4,1.8301
2026-07-05 11:33:37,iiitd11dylthhsyhp8vx085hch4zffl2gq9nhepur5j76,0,3,2.1547
2026-07-05 11:33:38,iiitd11vjvna7nkm0g8f95egfnwtjnxx0yvq8rtr3tfk9,0,3,2.1663
2026-07-05 11:33:40,iiitd11ael4hayepag4wvrvs4f7ajnntawsejpmu3eyp2,0,5,2.3491
2026-07-05 11:33:40,iiitd11dylthhsyhp8vx085hch4zffl2gq9nhepur5j76,0,4,2.0785
2026-07-05 11:33:41,iiitd11xwpu5n65cy0vhlwcnzzwrstvu366a5ptsv7xz6,0,2,2.3949
2026-07-05 11:33:42,iiitd11vjvna7nkm0g8f95egfnwtjnxx0yvq8rtr3tfk9,0,4,2.2430
2026-07-05 11:33:43,iiitd11ael4hayepag4wvrvs4f7ajnntawsejpmu3eyp2,0,6,2.1716
2026-07-05 11:33:44,iiitd11dylthhsyhp8vx085hch4zffl2gq9nhepur5j76,0,5,2.2025
2026-07-05 11:33:45,iiitd11vjvna7nkm0g8f95egfnwtjnxx0yvq8rtr3tfk9,0,5,2.1910
2026-07-05 11:33:46,iiitd11xwpu5n65cy0vhlwcnzzwrstvu366a5ptsv7xz6,0,3,2.4742
2026-07-05 11:33:47,iiitd11ael4hayepag4wvrvs4f7ajnntawsejpmu3eyp2,0,7,2.2032
2026-07-05 11:33:48,iiitd11dylthhsyhp8vx085hch4zffl2gq9nhepur5j76,0,6,2.0950
2026-07-05 11:33:49,iiitd11vjvna7nkm0g8f95egfnwtjnxx0yvq8rtr3tfk9,0,6,2.4668
2026-07-05 11:33:50,iiitd11ael4hayepag4wvrvs4f7ajnntawsejpmu3eyp2,0,8,2.1665
2026-07-05 11:33:51,iiitd11dylthhsyhp8vx085hch4zffl2gq9nhepur5j76,0,7,2.4387
2026-07-05 11:33:52,iiitd11xwpu5n65cy0vhlwcnzzwrstvu366a5ptsv7xz6,0,4,2.0506
2026-07-05 11:33:53,iiitd11vjvna7nkm0g8f95egfnwtjnxx0yvq8rtr3tfk9,0,7,2.1305
2026-07-05 11:33:54,iiitd11ael4hayepag4wvrvs4f7ajnntawsejpmu3eyp2,0,9,2.1233
2026-07-05 11:33:55,iiitd11dylthhsyhp8vx085hch4zffl2gq9nhepur5j76,0,8,2.1878
2026-07-05 11:33:56,iiitd11vjvna7nkm0g8f95egfnwtjnxx0yvq8rtr3tfk9,0,8,2.2422
2026-07-05 11:33:57,iiitd11xwpu5n65cy0vhlwcnzzwrstvu366a5ptsv7xz6,0,5,2.3373
2026-07-05 11:33:58,iiitd11ael4hayepag4wvrvs4f7ajnntawsejpmu3eyp2,0,10,2.2519
2026-07-05 11:33:58,iiitd11dylthhsyhp8vx085hch4zffl2gq9nhepur5j76,0,9,2.1928
2026-07-05 11:34:00,iiitd11vjvna7nkm0g8f95egfnwtjnxx0yvq8rtr3tfk9,0,9,2.1779
2026-07-05 11:34:02,iiitd11dylthhsyhp8vx085hch4zffl2gq9nhepur5j76,0,10,2.4557
2026-07-05 11:34:02,iiitd11xwpu5n65cy0vhlwcnzzwrstvu366a5ptsv7xz6,0,6,2.2384
2026-07-05 11:34:03,iiitd11vjvna7nkm0g8f95egfnwtjnxx0yvq8rtr3tfk9,0,10,2.5027
2026-07-05 11:34:08,iiitd11xwpu5n65cy0vhlwcnzzwrstvu366a5ptsv7xz6,0,7,2.4914
2026-07-05 11:34:13,iiitd11xwpu5n65cy0vhlwcnzzwrstvu366a5ptsv7xz6,0,8,2.3319
2026-07-05 11:34:19,iiitd11xwpu5n65cy0vhlwcnzzwrstvu366a5ptsv7xz6,0,9,2.2014
2026-07-05 11:34:24,iiitd11xwpu5n65cy0vhlwcnzzwrstvu366a5ptsv7xz6,0,10,2.5421
2026-07-05 11:43:24,iiitd11dylthhsyhp8vx085hch4zffl2gq9nhepur5j76,0,1,2.0607
2026-07-05 11:43:28,iiitd11dylthhsyhp8vx085hch4zffl2gq9nhepur5j76,0,2,2.2050
2026-07-05 11:43:30,iiitd11xwpu5n65cy0vhlwcnzzwrstvu366a5ptsv7xz6,0,1,2.1870
2026-07-05 11:43:31,iiitd11ael4hayepag4wvrvs4f7ajnntawsejpmu3eyp2,0,1,2.1892
2026-07-05 11:43:31,iiitd11vjvna7nkm0g8f95egfnwtjnxx0yvq8rtr3tfk9,0,1,2.6462
2026-07-05 11:43:31,iiitd11dylthhsyhp8vx085hch4zffl2gq9nhepur5j76,0,3,2.3464
2026-07-05 11:43:34,iiitd11ael4hayepag4wvrvs4f7ajnntawsejpmu3eyp2,0,2,2.6016
2026-07-05 11:43:35,iiitd11vjvna7nkm0g8f95egfnwtjnxx0yvq8rtr3tfk9,0,2,2.4840
2026-07-05 11:43:35,iiitd11dylthhsyhp8vx085hch4zffl2gq9nhepur5j76,0,4,2.2289
2026-07-05 11:43:35,iiitd11xwpu5n65cy0vhlwcnzzwrstvu366a5ptsv7xz6,0,2,2.1354
2026-07-05 11:43:38,iiitd11ael4hayepag4wvrvs4f7ajnntawsejpmu3eyp2,0,3,2.4873
2026-07-05 11:43:38,iiitd11vjvna7nkm0g8f95egfnwtjnxx0yvq8rtr3tfk9,0,3,2.4610
2026-07-05 11:43:38,iiitd11dylthhsyhp8vx085hch4zffl2gq9nhepur5j76,0,5,2.1116
2026-07-05 11:43:40,iiitd11xwpu5n65cy0vhlwcnzzwrstvu366a5ptsv7xz6,0,3,2.2948
2026-07-05 11:43:42,iiitd11ael4hayepag4wvrvs4f7ajnntawsejpmu3eyp2,0,4,1.8959
2026-07-05 11:43:42,iiitd11vjvna7nkm0g8f95egfnwtjnxx0yvq8rtr3tfk9,0,4,2.2255
2026-07-05 11:43:42,iiitd11dylthhsyhp8vx085hch4zffl2gq9nhepur5j76,0,6,2.2254
2026-07-05 11:43:45,iiitd11ael4hayepag4wvrvs4f7ajnntawsejpmu3eyp2,0,5,2.2489
2026-07-05 11:43:46,iiitd11vjvna7nkm0g8f95egfnwtjnxx0yvq8rtr3tfk9,0,5,2.1639
2026-07-05 11:43:46,iiitd11dylthhsyhp8vx085hch4zffl2gq9nhepur5j76,0,7,2.0345
2026-07-05 11:43:46,iiitd11xwpu5n65cy0vhlwcnzzwrstvu366a5ptsv7xz6,0,4,1.8637
2026-07-05 11:43:49,iiitd11ael4hayepag4wvrvs4f7ajnntawsejpmu3eyp2,0,6,2.2329
2026-07-05 11:43:49,iiitd11vjvna7nkm0g8f95egfnwtjnxx0yvq8rtr3tfk9,0,6,2.3431
2026-07-05 11:43:49,iiitd11dylthhsyhp8vx085hch4zffl2gq9nhepur5j76,0,8,2.3596
2026-07-05 11:43:51,iiitd11xwpu5n65cy0vhlwcnzzwrstvu366a5ptsv7xz6,0,5,2.2886
2026-07-05 11:43:53,iiitd11ael4hayepag4wvrvs4f7ajnntawsejpmu3eyp2,0,7,2.4884
2026-07-05 11:43:53,iiitd11vjvna7nkm0g8f95egfnwtjnxx0yvq8rtr3tfk9,0,7,2.1528
2026-07-05 11:43:53,iiitd11dylthhsyhp8vx085hch4zffl2gq9nhepur5j76,0,9,2.3093
2026-07-05 11:43:56,iiitd11ael4hayepag4wvrvs4f7ajnntawsejpmu3eyp2,0,8,2.2492
2026-07-05 11:43:57,iiitd11vjvna7nkm0g8f95egfnwtjnxx0yvq8rtr3tfk9,0,8,2.4636
2026-07-05 11:43:57,iiitd11xwpu5n65cy0vhlwcnzzwrstvu366a5ptsv7xz6,0,6,2.2216
2026-07-05 11:43:57,iiitd11dylthhsyhp8vx085hch4zffl2gq9nhepur5j76,0,10,2.2648
2026-07-05 11:44:00,iiitd11ael4hayepag4wvrvs4f7ajnntawsejpmu3eyp2,0,9,2.3667
2026-07-05 11:44:00,iiitd11vjvna7nkm0g8f95egfnwtjnxx0yvq8rtr3tfk9,0,9,2.5067
2026-07-05 11:44:02,iiitd11xwpu5n65cy0vhlwcnzzwrstvu366a5ptsv7xz6,0,7,2.1789
2026-07-05 11:44:03,iiitd11ael4hayepag4wvrvs4f7ajnntawsejpmu3eyp2,0,10,2.2058
2026-07-05 11:44:04,iiitd11vjvna7nkm0g8f95egfnwtjnxx0yvq8rtr3tfk9,0,10,2.5034
2026-07-05 11:44:07,iiitd11xwpu5n65cy0vhlwcnzzwrstvu366a5ptsv7xz6,0,8,2.1216
2026-07-05 11:44:13,iiitd11xwpu5n65cy0vhlwcnzzwrstvu366a5ptsv7xz6,0,9,2.4638
2026-07-05 11:44:18,iiitd11xwpu5n65cy0vhlwcnzzwrstvu366a5ptsv7xz6,0,10,2.3473
2026-07-05 11:53:04,iiitd11dylthhsyhp8vx085hch4zffl2gq9nhepur5j76,0,1,2.4491
2026-07-05 11:53:08,iiitd11dylthhsyhp8vx085hch4zffl2gq9nhepur5j76,0,2,2.3204
2026-07-05 11:53:12,iiitd11dylthhsyhp8vx085hch4zffl2gq9nhepur5j76,0,3,2.3345
2026-07-05 11:53:15,iiitd11dylthhsyhp8vx085hch4zffl2gq9nhepur5j76,0,4,2.0442
2026-07-05 11:53:19,iiitd11dylthhsyhp8vx085hch4zffl2gq9nhepur5j76,0,5,2.0596
2026-07-05 11:53:23,iiitd11dylthhsyhp8vx085hch4zffl2gq9nhepur5j76,0,6,2.4086
2026-07-05 11:53:26,iiitd11dylthhsyhp8vx085hch4zffl2gq9nhepur5j76,0,7,2.0076
2026-07-05 11:53:30,iiitd11dylthhsyhp8vx085hch4zffl2gq9nhepur5j76,0,8,2.2517
2026-07-05 11:53:33,iiitd11dylthhsyhp8vx085hch4zffl2gq9nhepur5j76,0,9,2.3518
2026-07-05 11:53:37,iiitd11dylthhsyhp8vx085hch4zffl2gq9nhepur5j76,0,10,2.6560
2026-07-05 12:03:15,iiitd11ael4hayepag4wvrvs4f7ajnntawsejpmu3eyp2,0,1,2.3081
2026-07-05 12:03:18,iiitd11ael4hayepag4wvrvs4f7ajnntawsejpmu3eyp2,0,2,2.4361
2026-07-05 12:03:22,iiitd11ael4hayepag4wvrvs4f7ajnntawsejpmu3eyp2,0,3,2.3591
2026-07-05 12:03:23,iiitd11xwpu5n65cy0vhlwcnzzwrstvu366a5ptsv7xz6,0,1,2.4551
2026-07-05 12:03:23,iiitd11vjvna7nkm0g8f95egfnwtjnxx0yvq8rtr3tfk9,0,1,2.2545
2026-07-05 12:03:26,iiitd11ael4hayepag4wvrvs4f7ajnntawsejpmu3eyp2,0,4,2.1574
2026-07-05 12:03:26,iiitd11vjvna7nkm0g8f95egfnwtjnxx0yvq8rtr3tfk9,0,2,2.6768
2026-07-05 12:03:28,iiitd11xwpu5n65cy0vhlwcnzzwrstvu366a5ptsv7xz6,0,2,2.1895
2026-07-05 12:03:29,iiitd11ael4hayepag4wvrvs4f7ajnntawsejpmu3eyp2,0,5,2.2594
2026-07-05 12:03:30,iiitd11vjvna7nkm0g8f95egfnwtjnxx0yvq8rtr3tfk9,0,3,2.3638
2026-07-05 12:03:33,iiitd11ael4hayepag4wvrvs4f7ajnntawsejpmu3eyp2,0,6,2.3777
2026-07-05 12:03:33,iiitd11xwpu5n65cy0vhlwcnzzwrstvu366a5ptsv7xz6,0,3,2.3929
2026-07-05 12:03:34,iiitd11vjvna7nkm0g8f95egfnwtjnxx0yvq8rtr3tfk9,0,4,2.2995
2026-07-05 12:03:37,iiitd11ael4hayepag4wvrvs4f7ajnntawsejpmu3eyp2,0,7,2.1443
2026-07-05 12:03:37,iiitd11vjvna7nkm0g8f95egfnwtjnxx0yvq8rtr3tfk9,0,5,2.1773
2026-07-05 12:03:38,iiitd11xwpu5n65cy0vhlwcnzzwrstvu366a5ptsv7xz6,0,4,2.3146
2026-07-05 12:03:40,iiitd11ael4hayepag4wvrvs4f7ajnntawsejpmu3eyp2,0,8,2.4757
2026-07-05 12:03:41,iiitd11vjvna7nkm0g8f95egfnwtjnxx0yvq8rtr3tfk9,0,6,2.2189
2026-07-05 12:03:44,iiitd11xwpu5n65cy0vhlwcnzzwrstvu366a5ptsv7xz6,0,5,2.3932
2026-07-05 12:03:44,iiitd11ael4hayepag4wvrvs4f7ajnntawsejpmu3eyp2,0,9,2.5816
2026-07-05 12:03:44,iiitd11vjvna7nkm0g8f95egfnwtjnxx0yvq8rtr3tfk9,0,7,2.0068
2026-07-05 12:03:47,iiitd11ael4hayepag4wvrvs4f7ajnntawsejpmu3eyp2,0,10,2.3595
2026-07-05 12:03:48,iiitd11vjvna7nkm0g8f95egfnwtjnxx0yvq8rtr3tfk9,0,8,2.3165
2026-07-05 12:03:49,iiitd11xwpu5n65cy0vhlwcnzzwrstvu366a5ptsv7xz6,0,6,2.2478
2026-07-05 12:03:52,iiitd11vjvna7nkm0g8f95egfnwtjnxx0yvq8rtr3tfk9,0,9,2.2519
2026-07-05 12:03:55,iiitd11xwpu5n65cy0vhlwcnzzwrstvu366a5ptsv7xz6,0,7,2.1356
2026-07-05 12:03:55,iiitd11vjvna7nkm0g8f95egfnwtjnxx0yvq8rtr3tfk9,0,10,2.6943
2026-07-05 12:04:00,iiitd11xwpu5n65cy0vhlwcnzzwrstvu366a5ptsv7xz6,0,8,2.1154
2026-07-05 12:04:05,iiitd11xwpu5n65cy0vhlwcnzzwrstvu366a5ptsv7xz6,0,9,2.3813
2026-07-05 12:04:11,iiitd11xwpu5n65cy0vhlwcnzzwrstvu366a5ptsv7xz6,0,10,2.3123
2026-07-05 12:13:00,iiitd11dylthhsyhp8vx085hch4zffl2gq9nhepur5j76,0,1,2.7367
2026-07-05 12:13:04,iiitd11dylthhsyhp8vx085hch4zffl2gq9nhepur5j76,0,2,2.2847
2026-07-05 12:13:08,iiitd11dylthhsyhp8vx085hch4zffl2gq9nhepur5j76,0,3,2.1736
2026-07-05 12:13:11,iiitd11dylthhsyhp8vx085hch4zffl2gq9nhepur5j76,0,4,2.1406
2026-07-05 12:13:15,iiitd11dylthhsyhp8vx085hch4zffl2gq9nhepur5j76,0,5,1.9121
2026-07-05 12:13:18,iiitd11dylthhsyhp8vx085hch4zffl2gq9nhepur5j76,0,6,2.1439
2026-07-05 12:13:22,iiitd11dylthhsyhp8vx085hch4zffl2gq9nhepur5j76,0,7,2.1420
2026-07-05 12:13:26,iiitd11dylthhsyhp8vx085hch4zffl2gq9nhepur5j76,0,8,2.3930
2026-07-05 12:13:29,iiitd11dylthhsyhp8vx085hch4zffl2gq9nhepur5j76,0,9,2.3796
2026-07-05 12:13:33,iiitd11dylthhsyhp8vx085hch4zffl2gq9nhepur5j76,0,10,2.2366
2026-07-05 12:23:16,iiitd11ael4hayepag4wvrvs4f7ajnntawsejpmu3eyp2,0,1,2.2799
2026-07-05 12:23:19,iiitd11ael4hayepag4wvrvs4f7ajnntawsejpmu3eyp2,0,2,2.0531
2026-07-05 12:23:22,iiitd11vjvna7nkm0g8f95egfnwtjnxx0yvq8rtr3tfk9,0,1,2.2250
2026-07-05 12:23:23,iiitd11xwpu5n65cy0vhlwcnzzwrstvu366a5ptsv7xz6,0,1,2.5130
2026-07-05 12:23:23,iiitd11ael4hayepag4wvrvs4f7ajnntawsejpmu3eyp2,0,3,2.1834
2026-07-05 12:23:26,iiitd11vjvna7nkm0g8f95egfnwtjnxx0yvq8rtr3tfk9,0,2,2.2549
2026-07-05 12:23:27,iiitd11ael4hayepag4wvrvs4f7ajnntawsejpmu3eyp2,0,4,1.9266
2026-07-05 12:23:28,iiitd11xwpu5n65cy0vhlwcnzzwrstvu366a5ptsv7xz6,0,2,2.1694
2026-07-05 12:23:29,iiitd11vjvna7nkm0g8f95egfnwtjnxx0yvq8rtr3tfk9,0,3,2.2906
2026-07-05 12:23:30,iiitd11ael4hayepag4wvrvs4f7ajnntawsejpmu3eyp2,0,5,2.0204
2026-07-05 12:23:33,iiitd11vjvna7nkm0g8f95egfnwtjnxx0yvq8rtr3tfk9,0,4,2.1066
2026-07-05 12:23:34,iiitd11xwpu5n65cy0vhlwcnzzwrstvu366a5ptsv7xz6,0,3,2.3387
2026-07-05 12:23:34,iiitd11ael4hayepag4wvrvs4f7ajnntawsejpmu3eyp2,0,6,2.4699
2026-07-05 12:23:37,iiitd11vjvna7nkm0g8f95egfnwtjnxx0yvq8rtr3tfk9,0,5,2.7135
2026-07-05 12:23:38,iiitd11ael4hayepag4wvrvs4f7ajnntawsejpmu3eyp2,0,7,2.3254
2026-07-05 12:23:39,iiitd11xwpu5n65cy0vhlwcnzzwrstvu366a5ptsv7xz6,0,4,2.3141
2026-07-05 12:23:40,iiitd11vjvna7nkm0g8f95egfnwtjnxx0yvq8rtr3tfk9,0,6,2.2162
2026-07-05 12:23:41,iiitd11ael4hayepag4wvrvs4f7ajnntawsejpmu3eyp2,0,8,2.3124
2026-07-05 12:23:44,iiitd11vjvna7nkm0g8f95egfnwtjnxx0yvq8rtr3tfk9,0,7,2.3903
2026-07-05 12:23:44,iiitd11xwpu5n65cy0vhlwcnzzwrstvu366a5ptsv7xz6,0,5,2.4695
2026-07-05 12:23:45,iiitd11ael4hayepag4wvrvs4f7ajnntawsejpmu3eyp2,0,9,2.0537
2026-07-05 12:23:48,iiitd11vjvna7nkm0g8f95egfnwtjnxx0yvq8rtr3tfk9,0,8,2.2904
2026-07-05 12:23:49,iiitd11ael4hayepag4wvrvs4f7ajnntawsejpmu3eyp2,0,10,2.2002
2026-07-05 12:23:49,iiitd11xwpu5n65cy0vhlwcnzzwrstvu366a5ptsv7xz6,0,6,2.3321
2026-07-05 12:23:51,iiitd11vjvna7nkm0g8f95egfnwtjnxx0yvq8rtr3tfk9,0,9,2.1689
2026-07-05 12:23:55,iiitd11vjvna7nkm0g8f95egfnwtjnxx0yvq8rtr3tfk9,0,10,2.2531
2026-07-05 12:23:55,iiitd11xwpu5n65cy0vhlwcnzzwrstvu366a5ptsv7xz6,0,7,2.3580
2026-07-05 12:24:00,iiitd11xwpu5n65cy0vhlwcnzzwrstvu366a5ptsv7xz6,0,8,2.1236
2026-07-05 12:24:06,iiitd11xwpu5n65cy0vhlwcnzzwrstvu366a5ptsv7xz6,0,9,3.0476
2026-07-05 12:24:11,iiitd11xwpu5n65cy0vhlwcnzzwrstvu366a5ptsv7xz6,0,10,2.3134
2026-07-05 12:33:05,iiitd11dylthhsyhp8vx085hch4zffl2gq9nhepur5j76,0,1,1.9483
2026-07-05 12:33:09,iiitd11dylthhsyhp8vx085hch4zffl2gq9nhepur5j76,0,2,2.4269
2026-07-05 12:33:12,iiitd11dylthhsyhp8vx085hch4zffl2gq9nhepur5j76,0,3,2.4001
2026-07-05 12:33:16,iiitd11dylthhsyhp8vx085hch4zffl2gq9nhepur5j76,0,4,2.2942
2026-07-05 12:33:19,iiitd11dylthhsyhp8vx085hch4zffl2gq9nhepur5j76,0,5,2.3204
2026-07-05 12:33:23,iiitd11dylthhsyhp8vx085hch4zffl2gq9nhepur5j76,0,6,2.4590
2026-07-05 12:33:27,iiitd11dylthhsyhp8vx085hch4zffl2gq9nhepur5j76,0,7,2.1174
2026-07-05 12:33:30,iiitd11dylthhsyhp8vx085hch4zffl2gq9nhepur5j76,0,8,2.2920
2026-07-05 12:33:34,iiitd11dylthhsyhp8vx085hch4zffl2gq9nhepur5j76,0,9,2.3418
2026-07-05 12:33:38,iiitd11dylthhsyhp8vx085hch4zffl2gq9nhepur5j76,0,10,2.4082
2026-07-05 12:43:14,iiitd11ael4hayepag4wvrvs4f7ajnntawsejpmu3eyp2,0,1,1.9496
2026-07-05 12:43:18,iiitd11ael4hayepag4wvrvs4f7ajnntawsejpmu3eyp2,0,2,2.4148
2026-07-05 12:43:21,iiitd11ael4hayepag4wvrvs4f7ajnntawsejpmu3eyp2,0,3,2.3100
2026-07-05 12:43:24,iiitd11vjvna7nkm0g8f95egfnwtjnxx0yvq8rtr3tfk9,0,1,2.4695
2026-07-05 12:43:25,iiitd11ael4hayepag4wvrvs4f7ajnntawsejpmu3eyp2,0,4,1.8481
2026-07-05 12:43:28,iiitd11vjvna7nkm0g8f95egfnwtjnxx0yvq8rtr3tfk9,0,2,2.7126
2026-07-05 12:43:28,iiitd11xwpu5n65cy0vhlwcnzzwrstvu366a5ptsv7xz6,0,1,2.3068
2026-07-05 12:43:29,iiitd11ael4hayepag4wvrvs4f7ajnntawsejpmu3eyp2,0,5,2.3156
2026-07-05 12:43:31,iiitd11vjvna7nkm0g8f95egfnwtjnxx0yvq8rtr3tfk9,0,3,2.4369
2026-07-05 12:43:32,iiitd11ael4hayepag4wvrvs4f7ajnntawsejpmu3eyp2,0,6,2.4222
2026-07-05 12:43:34,iiitd11xwpu5n65cy0vhlwcnzzwrstvu366a5ptsv7xz6,0,2,2.3613
2026-07-05 12:43:35,iiitd11vjvna7nkm0g8f95egfnwtjnxx0yvq8rtr3tfk9,0,4,1.8217
2026-07-05 12:43:36,iiitd11ael4hayepag4wvrvs4f7ajnntawsejpmu3eyp2,0,7,2.2354
2026-07-05 12:43:39,iiitd11vjvna7nkm0g8f95egfnwtjnxx0yvq8rtr3tfk9,0,5,2.3568
2026-07-05 12:43:39,iiitd11xwpu5n65cy0vhlwcnzzwrstvu366a5ptsv7xz6,0,3,2.3552
2026-07-05 12:43:40,iiitd11ael4hayepag4wvrvs4f7ajnntawsejpmu3eyp2,0,8,2.2638
2026-07-05 12:43:42,iiitd11vjvna7nkm0g8f95egfnwtjnxx0yvq8rtr3tfk9,0,6,2.5062
2026-07-05 12:43:43,iiitd11ael4hayepag4wvrvs4f7ajnntawsejpmu3eyp2,0,9,2.0895
2026-07-05 12:43:44,iiitd11xwpu5n65cy0vhlwcnzzwrstvu366a5ptsv7xz6,0,4,2.1414
2026-07-05 12:43:46,iiitd11vjvna7nkm0g8f95egfnwtjnxx0yvq8rtr3tfk9,0,7,2.3100
2026-07-05 12:43:47,iiitd11ael4hayepag4wvrvs4f7ajnntawsejpmu3eyp2,0,10,2.4655
2026-07-05 12:43:50,iiitd11xwpu5n65cy0vhlwcnzzwrstvu366a5ptsv7xz6,0,5,2.4122
2026-07-05 12:43:50,iiitd11vjvna7nkm0g8f95egfnwtjnxx0yvq8rtr3tfk9,0,8,2.3602
2026-07-05 12:43:53,iiitd11vjvna7nkm0g8f95egfnwtjnxx0yvq8rtr3tfk9,0,9,2.3501
2026-07-05 12:43:55,iiitd11xwpu5n65cy0vhlwcnzzwrstvu366a5ptsv7xz6,0,6,2.2817
2026-07-05 12:43:57,iiitd11vjvna7nkm0g8f95egfnwtjnxx0yvq8rtr3tfk9,0,10,2.4684
2026-07-05 12:44:00,iiitd11xwpu5n65cy0vhlwcnzzwrstvu366a5ptsv7xz6,0,7,2.2860
2026-07-05 12:44:06,iiitd11xwpu5n65cy0vhlwcnzzwrstvu366a5ptsv7xz6,0,8,2.3557
2026-07-05 12:44:11,iiitd11xwpu5n65cy0vhlwcnzzwrstvu366a5ptsv7xz6,0,9,2.1424
2026-07-05 12:44:17,iiitd11xwpu5n65cy0vhlwcnzzwrstvu366a5ptsv7xz6,0,10,2.6733
2026-07-05 12:53:05,iiitd11dylthhsyhp8vx085hch4zffl2gq9nhepur5j76,0,1,2.3214
2026-07-05 12:53:09,iiitd11dylthhsyhp8vx085hch4zffl2gq9nhepur5j76,0,2,2.1326
2026-07-05 12:53:13,iiitd11dylthhsyhp8vx085hch4zffl2gq9nhepur5j76,0,3,2.4332
2026-07-05 12:53:16,iiitd11dylthhsyhp8vx085hch4zffl2gq9nhepur5j76,0,4,2.2236
2026-07-05 12:53:20,iiitd11dylthhsyhp8vx085hch4zffl2gq9nhepur5j76,0,5,2.1904
2026-07-05 12:53:23,iiitd11dylthhsyhp8vx085hch4zffl2gq9nhepur5j76,0,6,2.3505
2026-07-05 12:53:27,iiitd11dylthhsyhp8vx085hch4zffl2gq9nhepur5j76,0,7,2.3239
2026-07-05 12:53:31,iiitd11dylthhsyhp8vx085hch4zffl2gq9nhepur5j76,0,8,2.2680
2026-07-05 12:53:34,iiitd11dylthhsyhp8vx085hch4zffl2gq9nhepur5j76,0,9,2.3531
2026-07-05 12:53:38,iiitd11dylthhsyhp8vx085hch4zffl2gq9nhepur5j76,0,10,1.9949
2026-07-05 18:13:13,iiitd11xwpu5n65cy0vhlwcnzzwrstvu366a5ptsv7xz6,0,1,2.2574
2026-07-05 18:13:18,iiitd11dylthhsyhp8vx085hch4zffl2gq9nhepur5j76,0,1,2.0491
2026-07-05 18:13:19,iiitd11xwpu5n65cy0vhlwcnzzwrstvu366a5ptsv7xz6,0,2,2.6134
2026-07-05 18:13:21,iiitd11vjvna7nkm0g8f95egfnwtjnxx0yvq8rtr3tfk9,0,1,2.3321
2026-07-05 18:13:21,iiitd11ael4hayepag4wvrvs4f7ajnntawsejpmu3eyp2,0,1,2.5829
2026-07-05 18:13:22,iiitd11dylthhsyhp8vx085hch4zffl2gq9nhepur5j76,0,2,2.0295
2026-07-05 18:13:24,iiitd11xwpu5n65cy0vhlwcnzzwrstvu366a5ptsv7xz6,0,3,2.2497
2026-07-05 18:13:24,iiitd11vjvna7nkm0g8f95egfnwtjnxx0yvq8rtr3tfk9,0,2,2.2406
2026-07-05 18:13:25,iiitd11ael4hayepag4wvrvs4f7ajnntawsejpmu3eyp2,0,2,2.2932
2026-07-05 18:13:25,iiitd11dylthhsyhp8vx085hch4zffl2gq9nhepur5j76,0,3,2.4627
2026-07-05 18:13:28,iiitd11vjvna7nkm0g8f95egfnwtjnxx0yvq8rtr3tfk9,0,3,2.4664
2026-07-05 18:13:28,iiitd11ael4hayepag4wvrvs4f7ajnntawsejpmu3eyp2,0,3,2.3015
2026-07-05 18:13:29,iiitd11dylthhsyhp8vx085hch4zffl2gq9nhepur5j76,0,4,2.3695
2026-07-05 18:13:29,iiitd11xwpu5n65cy0vhlwcnzzwrstvu366a5ptsv7xz6,0,4,2.3554
2026-07-05 18:13:32,iiitd11vjvna7nkm0g8f95egfnwtjnxx0yvq8rtr3tfk9,0,4,2.1591
2026-07-05 18:13:32,iiitd11ael4hayepag4wvrvs4f7ajnntawsejpmu3eyp2,0,4,2.3064
2026-07-05 18:13:33,iiitd11dylthhsyhp8vx085hch4zffl2gq9nhepur5j76,0,5,2.2049
2026-07-05 18:13:35,iiitd11xwpu5n65cy0vhlwcnzzwrstvu366a5ptsv7xz6,0,5,2.1441
2026-07-05 18:13:35,iiitd11vjvna7nkm0g8f95egfnwtjnxx0yvq8rtr3tfk9,0,5,2.3297
2026-07-05 18:13:36,iiitd11ael4hayepag4wvrvs4f7ajnntawsejpmu3eyp2,0,5,2.3352
2026-07-05 18:33:12,iiitd11ael4hayepag4wvrvs4f7ajnntawsejpmu3eyp2,0,1,2.5820
2026-07-05 18:33:15,iiitd11ael4hayepag4wvrvs4f7ajnntawsejpmu3eyp2,0,2,2.2490
2026-07-05 18:33:18,iiitd11dylthhsyhp8vx085hch4zffl2gq9nhepur5j76,0,1,2.6479
2026-07-05 18:33:19,iiitd11vjvna7nkm0g8f95egfnwtjnxx0yvq8rtr3tfk9,0,1,1.7856
2026-07-05 18:33:19,iiitd11ael4hayepag4wvrvs4f7ajnntawsejpmu3eyp2,0,3,2.5110
2026-07-05 18:33:19,iiitd11xwpu5n65cy0vhlwcnzzwrstvu366a5ptsv7xz6,0,1,2.3424
2026-07-05 18:33:21,iiitd11dylthhsyhp8vx085hch4zffl2gq9nhepur5j76,0,2,2.3195
2026-07-05 18:33:22,iiitd11vjvna7nkm0g8f95egfnwtjnxx0yvq8rtr3tfk9,0,2,2.2730
2026-07-05 18:33:23,iiitd11ael4hayepag4wvrvs4f7ajnntawsejpmu3eyp2,0,4,2.6263
2026-07-05 18:33:24,iiitd11xwpu5n65cy0vhlwcnzzwrstvu366a5ptsv7xz6,0,2,2.4308
2026-07-05 18:33:25,iiitd11dylthhsyhp8vx085hch4zffl2gq9nhepur5j76,0,3,1.9426
2026-07-05 18:33:26,iiitd11vjvna7nkm0g8f95egfnwtjnxx0yvq8rtr3tfk9,0,3,2.1883
2026-07-05 18:33:26,iiitd11ael4hayepag4wvrvs4f7ajnntawsejpmu3eyp2,0,5,2.4239
2026-07-05 18:33:29,iiitd11dylthhsyhp8vx085hch4zffl2gq9nhepur5j76,0,4,2.0647
2026-07-05 18:33:30,iiitd11vjvna7nkm0g8f95egfnwtjnxx0yvq8rtr3tfk9,0,4,2.2813
2026-07-05 18:33:30,iiitd11xwpu5n65cy0vhlwcnzzwrstvu366a5ptsv7xz6,0,3,2.4492
2026-07-05 18:33:32,iiitd11dylthhsyhp8vx085hch4zffl2gq9nhepur5j76,0,5,2.1775
2026-07-05 18:33:33,iiitd11vjvna7nkm0g8f95egfnwtjnxx0yvq8rtr3tfk9,0,5,2.3237
2026-07-05 18:33:35,iiitd11xwpu5n65cy0vhlwcnzzwrstvu366a5ptsv7xz6,0,4,2.1735
2026-07-05 18:33:41,iiitd11xwpu5n65cy0vhlwcnzzwrstvu366a5ptsv7xz6,0,5,2.4495
2026-07-06 11:23:13,iiitd11k2tk3gwd4a0s0zugrqty0vpdl7j364fuz6eu7q,0,1,2.5059
2026-07-06 11:23:17,iiitd11k2tk3gwd4a0s0zugrqty0vpdl7j364fuz6eu7q,0,2,2.2819
2026-07-06 11:23:21,iiitd11k2tk3gwd4a0s0zugrqty0vpdl7j364fuz6eu7q,0,3,2.4750
2026-07-06 11:23:21,iiitd110csnjudwnzvkqa8agrtspqznd2m0x5hwqhg3xu,0,1,2.2423
2026-07-06 11:23:22,iiitd117pglgamht09sm6awh6lgql6r8c8z358le9t2ml,0,1,2.3656
2026-07-06 11:23:24,iiitd11k2tk3gwd4a0s0zugrqty0vpdl7j364fuz6eu7q,0,4,2.3191
2026-07-06 11:23:25,iiitd110csnjudwnzvkqa8agrtspqznd2m0x5hwqhg3xu,0,2,2.3844
2026-07-06 11:23:27,iiitd1195cwrmcsx0gajrns3gq64wccyjvxy2xav0mlew,0,1,2.3491
2026-07-06 11:23:28,iiitd117pglgamht09sm6awh6lgql6r8c8z358le9t2ml,0,2,2.2649
2026-07-06 11:23:28,iiitd11k2tk3gwd4a0s0zugrqty0vpdl7j364fuz6eu7q,0,5,2.2132
2026-07-06 11:23:29,iiitd110csnjudwnzvkqa8agrtspqznd2m0x5hwqhg3xu,0,3,2.1940
2026-07-06 11:23:30,iiitd1195cwrmcsx0gajrns3gq64wccyjvxy2xav0mlew,0,2,2.6663
2026-07-06 11:23:32,iiitd110csnjudwnzvkqa8agrtspqznd2m0x5hwqhg3xu,0,4,2.2181
2026-07-06 11:23:33,iiitd117pglgamht09sm6awh6lgql6r8c8z358le9t2ml,0,3,2.6974
2026-07-06 11:23:34,iiitd1195cwrmcsx0gajrns3gq64wccyjvxy2xav0mlew,0,3,2.0298
2026-07-06 11:23:36,iiitd110csnjudwnzvkqa8agrtspqznd2m0x5hwqhg3xu,0,5,2.6149
2026-07-06 11:23:37,iiitd1195cwrmcsx0gajrns3gq64wccyjvxy2xav0mlew,0,4,2.2812
2026-07-06 11:23:38,iiitd117pglgamht09sm6awh6lgql6r8c8z358le9t2ml,0,4,2.3432
2026-07-06 11:23:41,iiitd1195cwrmcsx0gajrns3gq64wccyjvxy2xav0mlew,0,5,2.1570
2026-07-06 11:23:44,iiitd117pglgamht09sm6awh6lgql6r8c8z358le9t2ml,0,5,2.2421
2026-07-06 11:33:09,iiitd11k2tk3gwd4a0s0zugrqty0vpdl7j364fuz6eu7q,0,1,2.0491
2026-07-06 11:33:12,iiitd11k2tk3gwd4a0s0zugrqty0vpdl7j364fuz6eu7q,0,2,2.0652
2026-07-06 11:33:16,iiitd11k2tk3gwd4a0s0zugrqty0vpdl7j364fuz6eu7q,0,3,2.4272
2026-07-06 11:33:19,iiitd110csnjudwnzvkqa8agrtspqznd2m0x5hwqhg3xu,0,1,2.3287
2026-07-06 11:33:20,iiitd11k2tk3gwd4a0s0zugrqty0vpdl7j364fuz6eu7q,0,4,2.3691
2026-07-06 11:33:21,iiitd117pglgamht09sm6awh6lgql6r8c8z358le9t2ml,0,1,2.0174
2026-07-06 11:33:21,iiitd1195cwrmcsx0gajrns3gq64wccyjvxy2xav0mlew,0,1,2.6836
2026-07-06 11:33:22,iiitd110csnjudwnzvkqa8agrtspqznd2m0x5hwqhg3xu,0,2,2.3087
2026-07-06 11:33:23,iiitd11k2tk3gwd4a0s0zugrqty0vpdl7j364fuz6eu7q,0,5,2.2035
2026-07-06 11:33:25,iiitd1195cwrmcsx0gajrns3gq64wccyjvxy2xav0mlew,0,2,2.2674
2026-07-06 11:33:26,iiitd110csnjudwnzvkqa8agrtspqznd2m0x5hwqhg3xu,0,3,2.6576
2026-07-06 11:33:26,iiitd117pglgamht09sm6awh6lgql6r8c8z358le9t2ml,0,2,2.2687
2026-07-06 11:33:29,iiitd1195cwrmcsx0gajrns3gq64wccyjvxy2xav0mlew,0,3,2.2788
2026-07-06 11:33:30,iiitd110csnjudwnzvkqa8agrtspqznd2m0x5hwqhg3xu,0,4,2.2957
2026-07-06 11:33:31,iiitd117pglgamht09sm6awh6lgql6r8c8z358le9t2ml,0,3,2.2924
2026-07-06 11:33:32,iiitd1195cwrmcsx0gajrns3gq64wccyjvxy2xav0mlew,0,4,2.3898
2026-07-06 11:33:33,iiitd110csnjudwnzvkqa8agrtspqznd2m0x5hwqhg3xu,0,5,2.3170
2026-07-06 11:33:36,iiitd1195cwrmcsx0gajrns3gq64wccyjvxy2xav0mlew,0,5,2.1632
2026-07-06 11:33:37,iiitd117pglgamht09sm6awh6lgql6r8c8z358le9t2ml,0,4,2.0822
2026-07-06 11:33:42,iiitd117pglgamht09sm6awh6lgql6r8c8z358le9t2ml,0,5,2.6492
2026-07-06 11:42:51,iiitd1195cwrmcsx0gajrns3gq64wccyjvxy2xav0mlew,0,1,2.3369
2026-07-06 11:42:54,iiitd1195cwrmcsx0gajrns3gq64wccyjvxy2xav0mlew,0,2,2.4635
2026-07-06 11:42:58,iiitd1195cwrmcsx0gajrns3gq64wccyjvxy2xav0mlew,0,3,2.4013
2026-07-06 11:43:01,iiitd1195cwrmcsx0gajrns3gq64wccyjvxy2xav0mlew,0,4,2.3086
2026-07-06 11:43:05,iiitd1195cwrmcsx0gajrns3gq64wccyjvxy2xav0mlew,0,5,2.3938
2026-07-06 11:53:01,iiitd11k2tk3gwd4a0s0zugrqty0vpdl7j364fuz6eu7q,0,1,1.7856
2026-07-06 11:53:04,iiitd11k2tk3gwd4a0s0zugrqty0vpdl7j364fuz6eu7q,0,2,2.2729
2026-07-06 11:53:08,iiitd11k2tk3gwd4a0s0zugrqty0vpdl7j364fuz6eu7q,0,3,2.1894
2026-07-06 11:53:09,iiitd110csnjudwnzvkqa8agrtspqznd2m0x5hwqhg3xu,0,1,2.3287
2026-07-06 11:53:10,iiitd117pglgamht09sm6awh6lgql6r8c8z358le9t2ml,0,1,2.3656
2026-07-06 11:53:12,iiitd11k2tk3gwd4a0s0zugrqty0vpdl7j364fuz6eu7q,0,4,2.3464
2026-07-06 11:53:13,iiitd110csnjudwnzvkqa8agrtspqznd2m0x5hwqhg3xu,0,2,2.4638
2026-07-06 11:53:15,iiitd117pglgamht09sm6awh6lgql6r8c8z358le9t2ml,0,2,2.2652
2026-07-06 11:53:15,iiitd11k2tk3gwd4a0s0zugrqty0vpdl7j364fuz6eu7q,0,5,2.2575
2026-07-06 11:53:16,iiitd110csnjudwnzvkqa8agrtspqznd2m0x5hwqhg3xu,0,3,2.3603
2026-07-06 11:53:20,iiitd110csnjudwnzvkqa8agrtspqznd2m0x5hwqhg3xu,0,4,2.4378
2026-07-06 11:53:20,iiitd117pglgamht09sm6awh6lgql6r8c8z358le9t2ml,0,3,2.6965
2026-07-06 11:53:24,iiitd110csnjudwnzvkqa8agrtspqznd2m0x5hwqhg3xu,0,5,2.3170
2026-07-06 11:53:26,iiitd117pglgamht09sm6awh6lgql6r8c8z358le9t2ml,0,4,2.3437
2026-07-06 11:53:31,iiitd117pglgamht09sm6awh6lgql6r8c8z358le9t2ml,0,5,2.2423
2026-07-06 12:02:55,iiitd1195cwrmcsx0gajrns3gq64wccyjvxy2xav0mlew,0,1,2.2574
2026-07-06 12:02:59,iiitd1195cwrmcsx0gajrns3gq64wccyjvxy2xav0mlew,0,2,2.6064
2026-07-06 12:03:03,iiitd1195cwrmcsx0gajrns3gq64wccyjvxy2xav0mlew,0,3,2.4403
2026-07-06 12:03:06,iiitd11k2tk3gwd4a0s0zugrqty0vpdl7j364fuz6eu7q,0,1,2.3287
2026-07-06 12:03:06,iiitd1195cwrmcsx0gajrns3gq64wccyjvxy2xav0mlew,0,4,2.1714
2026-07-06 12:03:09,iiitd11k2tk3gwd4a0s0zugrqty0vpdl7j364fuz6eu7q,0,2,2.3093
2026-07-06 12:03:10,iiitd1195cwrmcsx0gajrns3gq64wccyjvxy2xav0mlew,0,5,2.1442
2026-07-06 12:03:13,iiitd11k2tk3gwd4a0s0zugrqty0vpdl7j364fuz6eu7q,0,3,2.6581
2026-07-06 12:03:17,iiitd11k2tk3gwd4a0s0zugrqty0vpdl7j364fuz6eu7q,0,4,2.3145
2026-07-06 12:03:20,iiitd11k2tk3gwd4a0s0zugrqty0vpdl7j364fuz6eu7q,0,5,2.2980
2026-07-07 09:23:12,iiitd1195cwrmcsx0gajrns3gq64wccyjvxy2xav0mlew,0,1,2.1411
2026-07-07 09:23:15,iiitd1195cwrmcsx0gajrns3gq64wccyjvxy2xav0mlew,0,2,2.2811
2026-07-07 09:23:17,iiitd11k2tk3gwd4a0s0zugrqty0vpdl7j364fuz6eu7q,0,1,2.5504
2026-07-07 09:23:19,iiitd1195cwrmcsx0gajrns3gq64wccyjvxy2xav0mlew,0,3,2.3022
2026-07-07 09:23:20,iiitd110csnjudwnzvkqa8agrtspqznd2m0x5hwqhg3xu,0,1,2.3656
2026-07-07 09:23:20,iiitd11k2tk3gwd4a0s0zugrqty0vpdl7j364fuz6eu7q,0,2,2.2804
2026-07-07 09:23:22,iiitd117pglgamht09sm6awh6lgql6r8c8z358le9t2ml,0,1,2.3491
2026-07-07 09:23:23,iiitd1195cwrmcsx0gajrns3gq64wccyjvxy2xav0mlew,0,4,2.2230
2026-07-07 09:23:24,iiitd110csnjudwnzvkqa8agrtspqznd2m0x5hwqhg3xu,0,2,2.2739
2026-07-07 09:23:24,iiitd11k2tk3gwd4a0s0zugrqty0vpdl7j364fuz6eu7q,0,3,2.2571
2026-07-07 09:23:26,iiitd1195cwrmcsx0gajrns3gq64wccyjvxy2xav0mlew,0,5,2.2389
2026-07-07 09:23:27,iiitd117pglgamht09sm6awh6lgql6r8c8z358le9t2ml,0,2,2.6001
2026-07-07 09:23:28,iiitd110csnjudwnzvkqa8agrtspqznd2m0x5hwqhg3xu,0,3,2.6863
2026-07-07 09:23:28,iiitd11k2tk3gwd4a0s0zugrqty0vpdl7j364fuz6eu7q,0,4,2.2743
2026-07-07 09:23:31,iiitd110csnjudwnzvkqa8agrtspqznd2m0x5hwqhg3xu,0,4,2.3440
2026-07-07 09:23:31,iiitd11k2tk3gwd4a0s0zugrqty0vpdl7j364fuz6eu7q,0,5,2.1600
2026-07-07 09:23:33,iiitd117pglgamht09sm6awh6lgql6r8c8z358le9t2ml,0,3,2.0955
2026-07-07 09:23:35,iiitd110csnjudwnzvkqa8agrtspqznd2m0x5hwqhg3xu,0,5,2.2426
2026-07-07 09:23:38,iiitd117pglgamht09sm6awh6lgql6r8c8z358le9t2ml,0,4,2.2788
2026-07-07 09:23:43,iiitd117pglgamht09sm6awh6lgql6r8c8z358le9t2ml,0,5,2.1591
2026-07-07 09:33:17,iiitd117pglgamht09sm6awh6lgql6r8c8z358le9t2ml,0,1,2.3771
2026-07-07 09:33:19,iiitd1195cwrmcsx0gajrns3gq64wccyjvxy2xav0mlew,0,1,2.6836
2026-07-07 09:33:20,iiitd11k2tk3gwd4a0s0zugrqty0vpdl7j364fuz6eu7q,0,1,2.6065
2026-07-07 09:33:22,iiitd117pglgamht09sm6awh6lgql6r8c8z358le9t2ml,0,2,2.3011
2026-07-07 09:33:23,iiitd1195cwrmcsx0gajrns3gq64wccyjvxy2xav0mlew,0,2,2.2668
2026-07-07 09:33:23,iiitd11k2tk3gwd4a0s0zugrqty0vpdl7j364fuz6eu7q,0,2,2.3180
2026-07-07 09:33:24,iiitd110csnjudwnzvkqa8agrtspqznd2m0x5hwqhg3xu,0,1,2.3369
2026-07-07 09:33:27,iiitd1195cwrmcsx0gajrns3gq64wccyjvxy2xav0mlew,0,3,2.2431
2026-07-07 09:33:27,iiitd11k2tk3gwd4a0s0zugrqty0vpdl7j364fuz6eu7q,0,3,2.1619
2026-07-07 09:33:27,iiitd117pglgamht09sm6awh6lgql6r8c8z358le9t2ml,0,3,2.1353
2026-07-07 09:33:28,iiitd110csnjudwnzvkqa8agrtspqznd2m0x5hwqhg3xu,0,2,2.4711
2026-07-07 09:33:30,iiitd1195cwrmcsx0gajrns3gq64wccyjvxy2xav0mlew,0,4,2.4271
2026-07-07 09:33:31,iiitd11k2tk3gwd4a0s0zugrqty0vpdl7j364fuz6eu7q,0,4,2.4671
2026-07-07 09:33:32,iiitd110csnjudwnzvkqa8agrtspqznd2m0x5hwqhg3xu,0,3,2.3936
2026-07-07 09:33:33,iiitd117pglgamht09sm6awh6lgql6r8c8z358le9t2ml,0,4,2.3999
2026-07-07 09:33:34,iiitd1195cwrmcsx0gajrns3gq64wccyjvxy2xav0mlew,0,5,2.1630
2026-07-07 09:33:34,iiitd11k2tk3gwd4a0s0zugrqty0vpdl7j364fuz6eu7q,0,5,2.4222
2026-07-07 09:33:35,iiitd110csnjudwnzvkqa8agrtspqznd2m0x5hwqhg3xu,0,4,2.3084
2026-07-07 09:33:38,iiitd117pglgamht09sm6awh6lgql6r8c8z358le9t2ml,0,5,2.3806
2026-07-07 09:33:39,iiitd110csnjudwnzvkqa8agrtspqznd2m0x5hwqhg3xu,0,5,2.3945
2026-07-07 09:42:49,iiitd1195cwrmcsx0gajrns3gq64wccyjvxy2xav0mlew,0,1,2.5504
2026-07-07 09:42:53,iiitd1195cwrmcsx0gajrns3gq64wccyjvxy2xav0mlew,0,2,2.2313
2026-07-07 09:42:56,iiitd1195cwrmcsx0gajrns3gq64wccyjvxy2xav0mlew,0,3,2.3064
2026-07-07 09:43:00,iiitd1195cwrmcsx0gajrns3gq64wccyjvxy2xav0mlew,0,4,2.1419
2026-07-07 09:43:04,iiitd1195cwrmcsx0gajrns3gq64wccyjvxy2xav0mlew,0,5,2.2912
2026-07-07 09:53:03,iiitd110csnjudwnzvkqa8agrtspqznd2m0x5hwqhg3xu,0,1,2.2574
2026-07-07 09:53:07,iiitd110csnjudwnzvkqa8agrtspqznd2m0x5hwqhg3xu,0,2,2.5076
2026-07-07 09:53:10,iiitd117pglgamht09sm6awh6lgql6r8c8z358le9t2ml,0,1,2.3369
2026-07-07 09:53:10,iiitd110csnjudwnzvkqa8agrtspqznd2m0x5hwqhg3xu,0,3,2.3556
2026-07-07 09:53:10,iiitd11k2tk3gwd4a0s0zugrqty0vpdl7j364fuz6eu7q,0,1,2.6479
2026-07-07 09:53:14,iiitd110csnjudwnzvkqa8agrtspqznd2m0x5hwqhg3xu,0,4,2.3552
2026-07-07 09:53:14,iiitd11k2tk3gwd4a0s0zugrqty0vpdl7j364fuz6eu7q,0,2,2.2738
2026-07-07 09:53:15,iiitd117pglgamht09sm6awh6lgql6r8c8z358le9t2ml,0,2,2.3642
2026-07-07 09:53:17,iiitd110csnjudwnzvkqa8agrtspqznd2m0x5hwqhg3xu,0,5,2.1443
2026-07-07 09:53:18,iiitd11k2tk3gwd4a0s0zugrqty0vpdl7j364fuz6eu7q,0,3,1.9894
2026-07-07 09:53:21,iiitd117pglgamht09sm6awh6lgql6r8c8z358le9t2ml,0,3,2.4997
2026-07-07 09:53:21,iiitd11k2tk3gwd4a0s0zugrqty0vpdl7j364fuz6eu7q,0,4,2.0656
2026-07-07 09:53:25,iiitd11k2tk3gwd4a0s0zugrqty0vpdl7j364fuz6eu7q,0,5,2.1780
2026-07-07 09:53:26,iiitd117pglgamht09sm6awh6lgql6r8c8z358le9t2ml,0,4,2.3081
2026-07-07 09:53:32,iiitd117pglgamht09sm6awh6lgql6r8c8z358le9t2ml,0,5,2.3934
2026-07-07 10:02:50,iiitd1195cwrmcsx0gajrns3gq64wccyjvxy2xav0mlew,0,1,2.3287
2026-07-07 10:02:54,iiitd1195cwrmcsx0gajrns3gq64wccyjvxy2xav0mlew,0,2,2.3398
2026-07-07 10:02:57,iiitd1195cwrmcsx0gajrns3gq64wccyjvxy2xav0mlew,0,3,2.6274
2026-07-07 10:03:01,iiitd1195cwrmcsx0gajrns3gq64wccyjvxy2xav0mlew,0,4,2.2954
2026-07-07 10:03:05,iiitd1195cwrmcsx0gajrns3gq64wccyjvxy2xav0mlew,0,5,2.3166
2026-07-07 14:52:49,iiitd110csnjudwnzvkqa8agrtspqznd2m0x5hwqhg3xu,0,1,2.6479
2026-07-07 14:52:52,iiitd110csnjudwnzvkqa8agrtspqznd2m0x5hwqhg3xu,0,2,2.3195
2026-07-07 14:52:56,iiitd110csnjudwnzvkqa8agrtspqznd2m0x5hwqhg3xu,0,3,2.2870
2026-07-07 14:53:00,iiitd110csnjudwnzvkqa8agrtspqznd2m0x5hwqhg3xu,0,4,1.7225
2026-07-07 14:53:03,iiitd110csnjudwnzvkqa8agrtspqznd2m0x5hwqhg3xu,0,5,2.1781
2026-07-07 15:02:44,iiitd110csnjudwnzvkqa8agrtspqznd2m0x5hwqhg3xu,0,1,2.2574
2026-07-07 15:02:48,iiitd110csnjudwnzvkqa8agrtspqznd2m0x5hwqhg3xu,0,2,2.6981
2026-07-07 15:02:52,iiitd110csnjudwnzvkqa8agrtspqznd2m0x5hwqhg3xu,0,3,2.1654
2026-07-07 15:02:55,iiitd110csnjudwnzvkqa8agrtspqznd2m0x5hwqhg3xu,0,4,2.3551
2026-07-07 15:02:59,iiitd110csnjudwnzvkqa8agrtspqznd2m0x5hwqhg3xu,0,5,2.1440
2026-07-08 11:13:44,iiitd1195cwrmcsx0gajrns3gq64wccyjvxy2xav0mlew,0,1,2.2574
2026-07-08 11:13:44,iiitd110csnjudwnzvkqa8agrtspqznd2m0x5hwqhg3xu,0,1,2.5504
2026-07-08 11:13:44,iiitd11k2tk3gwd4a0s0zugrqty0vpdl7j364fuz6eu7q,0,1,2.5059
2026-07-08 11:13:48,iiitd1195cwrmcsx0gajrns3gq64wccyjvxy2xav0mlew,0,2,2.6066
2026-07-08 11:13:48,iiitd110csnjudwnzvkqa8agrtspqznd2m0x5hwqhg3xu,0,2,2.2802
2026-07-08 11:13:48,iiitd11k2tk3gwd4a0s0zugrqty0vpdl7j364fuz6eu7q,0,2,2.3772
2026-07-08 11:13:52,iiitd1195cwrmcsx0gajrns3gq64wccyjvxy2xav0mlew,0,3,2.2568
2026-07-08 11:13:52,iiitd110csnjudwnzvkqa8agrtspqznd2m0x5hwqhg3xu,0,3,2.2583
2026-07-08 11:13:52,iiitd11k2tk3gwd4a0s0zugrqty0vpdl7j364fuz6eu7q,0,3,2.3809
2026-07-08 11:13:55,iiitd1195cwrmcsx0gajrns3gq64wccyjvxy2xav0mlew,0,4,2.3551
2026-07-08 11:13:55,iiitd110csnjudwnzvkqa8agrtspqznd2m0x5hwqhg3xu,0,4,2.2738
2026-07-08 11:13:55,iiitd11k2tk3gwd4a0s0zugrqty0vpdl7j364fuz6eu7q,0,4,2.3190
2026-07-08 11:13:59,iiitd110csnjudwnzvkqa8agrtspqznd2m0x5hwqhg3xu,0,5,2.1600
2026-07-08 11:13:59,iiitd1195cwrmcsx0gajrns3gq64wccyjvxy2xav0mlew,0,5,2.1437
2026-07-08 11:13:59,iiitd11k2tk3gwd4a0s0zugrqty0vpdl7j364fuz6eu7q,0,5,2.2138
2026-07-08 11:23:27,iiitd110csnjudwnzvkqa8agrtspqznd2m0x5hwqhg3xu,0,1,2.2574
2026-07-08 11:23:31,iiitd110csnjudwnzvkqa8agrtspqznd2m0x5hwqhg3xu,0,2,2.6129
2026-07-08 11:23:31,iiitd1195cwrmcsx0gajrns3gq64wccyjvxy2xav0mlew,0,1,2.3656
2026-07-08 11:23:35,iiitd110csnjudwnzvkqa8agrtspqznd2m0x5hwqhg3xu,0,3,2.2502
2026-07-08 11:23:35,iiitd1195cwrmcsx0gajrns3gq64wccyjvxy2xav0mlew,0,2,2.2649
2026-07-08 11:23:35,iiitd11k2tk3gwd4a0s0zugrqty0vpdl7j364fuz6eu7q,0,1,2.3491
2026-07-08 11:23:35,iiitd117pglgamht09sm6awh6lgql6r8c8z358le9t2ml,0,1,2.3287
2026-07-08 11:23:38,iiitd110csnjudwnzvkqa8agrtspqznd2m0x5hwqhg3xu,0,4,2.3552
2026-07-08 11:23:39,iiitd1195cwrmcsx0gajrns3gq64wccyjvxy2xav0mlew,0,3,2.6968
2026-07-08 11:23:39,iiitd11k2tk3gwd4a0s0zugrqty0vpdl7j364fuz6eu7q,0,2,2.6003
2026-07-08 11:23:41,iiitd117pglgamht09sm6awh6lgql6r8c8z358le9t2ml,0,2,2.3091
2026-07-08 11:23:42,iiitd110csnjudwnzvkqa8agrtspqznd2m0x5hwqhg3xu,0,5,2.1448
2026-07-08 11:23:42,iiitd1195cwrmcsx0gajrns3gq64wccyjvxy2xav0mlew,0,4,2.3440
2026-07-08 11:23:42,iiitd11k2tk3gwd4a0s0zugrqty0vpdl7j364fuz6eu7q,0,3,2.0951
2026-07-08 11:23:46,iiitd117pglgamht09sm6awh6lgql6r8c8z358le9t2ml,0,3,2.6583
2026-07-08 11:23:46,iiitd1195cwrmcsx0gajrns3gq64wccyjvxy2xav0mlew,0,5,2.2421
2026-07-08 11:23:46,iiitd11k2tk3gwd4a0s0zugrqty0vpdl7j364fuz6eu7q,0,4,2.2782
2026-07-08 11:23:50,iiitd11k2tk3gwd4a0s0zugrqty0vpdl7j364fuz6eu7q,0,5,2.1594
2026-07-08 11:23:51,iiitd117pglgamht09sm6awh6lgql6r8c8z358le9t2ml,0,4,2.2951
2026-07-08 11:23:57,iiitd117pglgamht09sm6awh6lgql6r8c8z358le9t2ml,0,5,2.3169
2026-07-08 11:33:02,iiitd117pglgamht09sm6awh6lgql6r8c8z358le9t2ml,0,1,2.1700
2026-07-08 11:33:07,iiitd117pglgamht09sm6awh6lgql6r8c8z358le9t2ml,0,2,2.6344
2026-07-08 11:33:13,iiitd117pglgamht09sm6awh6lgql6r8c8z358le9t2ml,0,3,2.8342
2026-07-08 11:33:18,iiitd117pglgamht09sm6awh6lgql6r8c8z358le9t2ml,0,4,2.5934
2026-07-08 11:33:24,iiitd117pglgamht09sm6awh6lgql6r8c8z358le9t2ml,0,5,2.4778
2026-07-08 11:43:25,iiitd110csnjudwnzvkqa8agrtspqznd2m0x5hwqhg3xu,0,1,2.3321
2026-07-08 11:43:28,iiitd110csnjudwnzvkqa8agrtspqznd2m0x5hwqhg3xu,0,2,2.3554
2026-07-08 11:43:31,iiitd1195cwrmcsx0gajrns3gq64wccyjvxy2xav0mlew,0,1,2.0491
2026-07-08 11:43:31,iiitd11k2tk3gwd4a0s0zugrqty0vpdl7j364fuz6eu7q,0,1,2.5504
2026-07-08 11:43:32,iiitd110csnjudwnzvkqa8agrtspqznd2m0x5hwqhg3xu,0,3,2.3518
2026-07-08 11:43:32,iiitd117pglgamht09sm6awh6lgql6r8c8z358le9t2ml,0,1,2.5820
2026-07-08 11:43:35,iiitd1195cwrmcsx0gajrns3gq64wccyjvxy2xav0mlew,0,2,2.0718
2026-07-08 11:43:35,iiitd11k2tk3gwd4a0s0zugrqty0vpdl7j364fuz6eu7q,0,2,2.2797
2026-07-08 11:43:35,iiitd110csnjudwnzvkqa8agrtspqznd2m0x5hwqhg3xu,0,4,2.1602
2026-07-08 11:43:37,iiitd117pglgamht09sm6awh6lgql6r8c8z358le9t2ml,0,2,2.2488
2026-07-08 11:43:38,iiitd1195cwrmcsx0gajrns3gq64wccyjvxy2xav0mlew,0,3,2.4207
2026-07-08 11:43:38,iiitd11k2tk3gwd4a0s0zugrqty0vpdl7j364fuz6eu7q,0,3,2.2578
2026-07-08 11:43:39,iiitd110csnjudwnzvkqa8agrtspqznd2m0x5hwqhg3xu,0,5,2.3299
2026-07-08 11:43:42,iiitd1195cwrmcsx0gajrns3gq64wccyjvxy2xav0mlew,0,4,2.3910
2026-07-08 11:43:42,iiitd11k2tk3gwd4a0s0zugrqty0vpdl7j364fuz6eu7q,0,4,2.2744
2026-07-08 11:43:43,iiitd117pglgamht09sm6awh6lgql6r8c8z358le9t2ml,0,3,2.5116
2026-07-08 11:43:45,iiitd11k2tk3gwd4a0s0zugrqty0vpdl7j364fuz6eu7q,0,5,2.1590
2026-07-08 11:43:45,iiitd1195cwrmcsx0gajrns3gq64wccyjvxy2xav0mlew,0,5,2.1841
2026-07-08 11:43:48,iiitd117pglgamht09sm6awh6lgql6r8c8z358le9t2ml,0,4,2.4280
2026-07-08 11:43:54,iiitd117pglgamht09sm6awh6lgql6r8c8z358le9t2ml,0,5,2.6228
2026-07-08 11:52:57,iiitd117pglgamht09sm6awh6lgql6r8c8z358le9t2ml,0,1,2.3369
2026-07-08 11:53:03,iiitd117pglgamht09sm6awh6lgql6r8c8z358le9t2ml,0,2,2.3647
2026-07-08 11:53:08,iiitd117pglgamht09sm6awh6lgql6r8c8z358le9t2ml,0,3,2.5015
2026-07-08 11:53:13,iiitd117pglgamht09sm6awh6lgql6r8c8z358le9t2ml,0,4,2.3083
2026-07-08 11:53:19,iiitd117pglgamht09sm6awh6lgql6r8c8z358le9t2ml,0,5,2.3938
2026-07-08 12:03:22,iiitd110csnjudwnzvkqa8agrtspqznd2m0x5hwqhg3xu,0,1,2.3491
2026-07-08 12:03:26,iiitd11k2tk3gwd4a0s0zugrqty0vpdl7j364fuz6eu7q,0,1,2.5504
2026-07-08 12:03:26,iiitd110csnjudwnzvkqa8agrtspqznd2m0x5hwqhg3xu,0,2,2.5756
2026-07-08 12:03:27,iiitd117pglgamht09sm6awh6lgql6r8c8z358le9t2ml,0,1,2.5504
2026-07-08 12:03:29,iiitd11k2tk3gwd4a0s0zugrqty0vpdl7j364fuz6eu7q,0,2,2.2312
2026-07-08 12:03:30,iiitd110csnjudwnzvkqa8agrtspqznd2m0x5hwqhg3xu,0,3,2.1197
2026-07-08 12:03:32,iiitd1195cwrmcsx0gajrns3gq64wccyjvxy2xav0mlew,0,1,1.7856
2026-07-08 12:03:33,iiitd117pglgamht09sm6awh6lgql6r8c8z358le9t2ml,0,2,2.2797
2026-07-08 12:03:33,iiitd11k2tk3gwd4a0s0zugrqty0vpdl7j364fuz6eu7q,0,3,2.3061
2026-07-08 12:03:33,iiitd110csnjudwnzvkqa8agrtspqznd2m0x5hwqhg3xu,0,4,2.2811
2026-07-08 12:03:35,iiitd1195cwrmcsx0gajrns3gq64wccyjvxy2xav0mlew,0,2,2.3204
2026-07-08 12:03:37,iiitd11k2tk3gwd4a0s0zugrqty0vpdl7j364fuz6eu7q,0,4,2.2741
2026-07-08 12:03:37,iiitd110csnjudwnzvkqa8agrtspqznd2m0x5hwqhg3xu,0,5,2.1564
2026-07-08 12:03:38,iiitd117pglgamht09sm6awh6lgql6r8c8z358le9t2ml,0,3,2.2575
2026-07-08 12:03:39,iiitd1195cwrmcsx0gajrns3gq64wccyjvxy2xav0mlew,0,3,2.1923
2026-07-08 12:03:40,iiitd11k2tk3gwd4a0s0zugrqty0vpdl7j364fuz6eu7q,0,5,2.1597
2026-07-08 12:03:42,iiitd1195cwrmcsx0gajrns3gq64wccyjvxy2xav0mlew,0,4,2.2952
2026-07-08 12:03:44,iiitd117pglgamht09sm6awh6lgql6r8c8z358le9t2ml,0,4,2.2748
2026-07-08 12:03:46,iiitd1195cwrmcsx0gajrns3gq64wccyjvxy2xav0mlew,0,5,2.2577
2026-07-08 12:03:49,iiitd117pglgamht09sm6awh6lgql6r8c8z358le9t2ml,0,5,2.1590
2026-07-08 12:13:26,iiitd11k2tk3gwd4a0s0zugrqty0vpdl7j364fuz6eu7q,0,1,2.6836
2026-07-08 12:13:30,iiitd11k2tk3gwd4a0s0zugrqty0vpdl7j364fuz6eu7q,0,2,2.2669
2026-07-08 12:13:31,iiitd110csnjudwnzvkqa8agrtspqznd2m0x5hwqhg3xu,0,1,2.0174
2026-07-08 12:13:32,iiitd1195cwrmcsx0gajrns3gq64wccyjvxy2xav0mlew,0,1,2.3491
2026-07-08 12:13:32,iiitd117pglgamht09sm6awh6lgql6r8c8z358le9t2ml,0,1,2.3491
2026-07-08 12:13:34,iiitd11k2tk3gwd4a0s0zugrqty0vpdl7j364fuz6eu7q,0,3,2.2790
2026-07-08 12:13:35,iiitd110csnjudwnzvkqa8agrtspqznd2m0x5hwqhg3xu,0,2,2.2691
2026-07-08 12:13:35,iiitd1195cwrmcsx0gajrns3gq64wccyjvxy2xav0mlew,0,2,2.2171
2026-07-08 12:13:37,iiitd117pglgamht09sm6awh6lgql6r8c8z358le9t2ml,0,2,2.6006
2026-07-08 12:13:37,iiitd11k2tk3gwd4a0s0zugrqty0vpdl7j364fuz6eu7q,0,4,2.3908
2026-07-08 12:13:38,iiitd110csnjudwnzvkqa8agrtspqznd2m0x5hwqhg3xu,0,3,2.2918
2026-07-08 12:13:39,iiitd1195cwrmcsx0gajrns3gq64wccyjvxy2xav0mlew,0,3,2.1264
2026-07-08 12:13:41,iiitd11k2tk3gwd4a0s0zugrqty0vpdl7j364fuz6eu7q,0,5,2.1637
2026-07-08 12:13:42,iiitd110csnjudwnzvkqa8agrtspqznd2m0x5hwqhg3xu,0,4,2.0819
2026-07-08 12:13:43,iiitd1195cwrmcsx0gajrns3gq64wccyjvxy2xav0mlew,0,4,2.6323
2026-07-08 12:13:43,iiitd117pglgamht09sm6awh6lgql6r8c8z358le9t2ml,0,3,2.1512
2026-07-08 12:13:45,iiitd110csnjudwnzvkqa8agrtspqznd2m0x5hwqhg3xu,0,5,2.6497
2026-07-08 12:13:46,iiitd1195cwrmcsx0gajrns3gq64wccyjvxy2xav0mlew,0,5,2.1573
2026-07-08 12:13:48,iiitd117pglgamht09sm6awh6lgql6r8c8z358le9t2ml,0,4,2.2251
2026-07-08 12:13:54,iiitd117pglgamht09sm6awh6lgql6r8c8z358le9t2ml,0,5,2.1561
2026-07-08 12:23:24,iiitd117pglgamht09sm6awh6lgql6r8c8z358le9t2ml,0,1,2.2574
2026-07-08 12:23:29,iiitd117pglgamht09sm6awh6lgql6r8c8z358le9t2ml,0,2,2.6062
2026-07-08 12:23:32,iiitd1195cwrmcsx0gajrns3gq64wccyjvxy2xav0mlew,0,1,2.3287
2026-07-08 12:23:32,iiitd110csnjudwnzvkqa8agrtspqznd2m0x5hwqhg3xu,0,1,2.5504
2026-07-08 12:23:35,iiitd117pglgamht09sm6awh6lgql6r8c8z358le9t2ml,0,3,2.2572
2026-07-08 12:23:35,iiitd11k2tk3gwd4a0s0zugrqty0vpdl7j364fuz6eu7q,0,1,2.6065
2026-07-08 12:23:35,iiitd1195cwrmcsx0gajrns3gq64wccyjvxy2xav0mlew,0,2,2.3366
2026-07-08 12:23:35,iiitd110csnjudwnzvkqa8agrtspqznd2m0x5hwqhg3xu,0,2,2.2800
2026-07-08 12:23:38,iiitd11k2tk3gwd4a0s0zugrqty0vpdl7j364fuz6eu7q,0,2,2.4372
2026-07-08 12:23:39,iiitd1195cwrmcsx0gajrns3gq64wccyjvxy2xav0mlew,0,3,2.4879
2026-07-08 12:23:39,iiitd110csnjudwnzvkqa8agrtspqznd2m0x5hwqhg3xu,0,3,2.2575
2026-07-08 12:23:40,iiitd117pglgamht09sm6awh6lgql6r8c8z358le9t2ml,0,4,2.3551
2026-07-08 12:23:42,iiitd11k2tk3gwd4a0s0zugrqty0vpdl7j364fuz6eu7q,0,3,2.0423
2026-07-08 12:23:42,iiitd1195cwrmcsx0gajrns3gq64wccyjvxy2xav0mlew,0,4,2.4568
2026-07-08 12:23:42,iiitd110csnjudwnzvkqa8agrtspqznd2m0x5hwqhg3xu,0,4,2.2749
2026-07-08 12:23:45,iiitd117pglgamht09sm6awh6lgql6r8c8z358le9t2ml,0,5,2.1437
2026-07-08 12:23:46,iiitd11k2tk3gwd4a0s0zugrqty0vpdl7j364fuz6eu7q,0,4,2.4669
2026-07-08 12:23:46,iiitd1195cwrmcsx0gajrns3gq64wccyjvxy2xav0mlew,0,5,2.2982
2026-07-08 12:23:46,iiitd110csnjudwnzvkqa8agrtspqznd2m0x5hwqhg3xu,0,5,2.1598
2026-07-08 12:23:49,iiitd11k2tk3gwd4a0s0zugrqty0vpdl7j364fuz6eu7q,0,5,2.4218
2026-07-08 12:43:23,iiitd11k2tk3gwd4a0s0zugrqty0vpdl7j364fuz6eu7q,0,1,2.1700
2026-07-08 12:43:27,iiitd11k2tk3gwd4a0s0zugrqty0vpdl7j364fuz6eu7q,0,2,2.6359
2026-07-08 12:43:27,iiitd110csnjudwnzvkqa8agrtspqznd2m0x5hwqhg3xu,0,1,2.3491
2026-07-08 12:43:29,iiitd117pglgamht09sm6awh6lgql6r8c8z358le9t2ml,0,1,2.0174
2026-07-08 12:43:30,iiitd11k2tk3gwd4a0s0zugrqty0vpdl7j364fuz6eu7q,0,3,2.8324
2026-07-08 12:43:31,iiitd110csnjudwnzvkqa8agrtspqznd2m0x5hwqhg3xu,0,2,2.2173
2026-07-08 12:43:31,iiitd1195cwrmcsx0gajrns3gq64wccyjvxy2xav0mlew,0,1,2.2748
2026-07-08 12:43:34,iiitd117pglgamht09sm6awh6lgql6r8c8z358le9t2ml,0,2,2.2696
2026-07-08 12:43:34,iiitd11k2tk3gwd4a0s0zugrqty0vpdl7j364fuz6eu7q,0,4,2.5926
2026-07-08 12:43:34,iiitd110csnjudwnzvkqa8agrtspqznd2m0x5hwqhg3xu,0,3,2.6706
2026-07-08 12:43:35,iiitd1195cwrmcsx0gajrns3gq64wccyjvxy2xav0mlew,0,2,2.3855
2026-07-08 12:43:38,iiitd11k2tk3gwd4a0s0zugrqty0vpdl7j364fuz6eu7q,0,5,2.4775
2026-07-08 12:43:38,iiitd110csnjudwnzvkqa8agrtspqznd2m0x5hwqhg3xu,0,4,2.0850
2026-07-08 12:43:38,iiitd1195cwrmcsx0gajrns3gq64wccyjvxy2xav0mlew,0,3,2.4067
2026-07-08 12:43:39,iiitd117pglgamht09sm6awh6lgql6r8c8z358le9t2ml,0,3,2.2920
2026-07-08 12:43:41,iiitd110csnjudwnzvkqa8agrtspqznd2m0x5hwqhg3xu,0,5,2.1596
2026-07-08 12:43:42,iiitd1195cwrmcsx0gajrns3gq64wccyjvxy2xav0mlew,0,4,2.0677
2026-07-08 12:43:45,iiitd117pglgamht09sm6awh6lgql6r8c8z358le9t2ml,0,4,2.0827
2026-07-08 12:43:46,iiitd1195cwrmcsx0gajrns3gq64wccyjvxy2xav0mlew,0,5,2.1902
2026-07-08 12:43:50,iiitd117pglgamht09sm6awh6lgql6r8c8z358le9t2ml,0,5,2.6488
2026-07-09 06:54:10,iiitd1195cwrmcsx0gajrns3gq64wccyjvxy2xav0mlew,0,1,2.2979
2026-07-09 06:54:10,iiitd110csnjudwnzvkqa8agrtspqznd2m0x5hwqhg3xu,0,1,2.3185
2026-07-09 06:54:10,iiitd11k2tk3gwd4a0s0zugrqty0vpdl7j364fuz6eu7q,0,1,2.6836
2026-07-09 06:54:12,iiitd117pglgamht09sm6awh6lgql6r8c8z358le9t2ml,0,1,2.3287
2026-07-09 06:54:13,iiitd1195cwrmcsx0gajrns3gq64wccyjvxy2xav0mlew,0,2,2.3449
2026-07-09 06:54:13,iiitd110csnjudwnzvkqa8agrtspqznd2m0x5hwqhg3xu,0,2,2.7124
2026-07-09 06:54:14,iiitd11k2tk3gwd4a0s0zugrqty0vpdl7j364fuz6eu7q,0,2,2.2671
2026-07-09 06:54:17,iiitd117pglgamht09sm6awh6lgql6r8c8z358le9t2ml,0,2,2.3092
2026-07-09 06:54:17,iiitd1195cwrmcsx0gajrns3gq64wccyjvxy2xav0mlew,0,3,2.4943
2026-07-09 06:54:17,iiitd110csnjudwnzvkqa8agrtspqznd2m0x5hwqhg3xu,0,3,2.4859
2026-07-09 06:54:17,iiitd11k2tk3gwd4a0s0zugrqty0vpdl7j364fuz6eu7q,0,3,2.2791
2026-07-09 06:54:21,iiitd110csnjudwnzvkqa8agrtspqznd2m0x5hwqhg3xu,0,4,2.4442
2026-07-09 06:54:21,iiitd1195cwrmcsx0gajrns3gq64wccyjvxy2xav0mlew,0,4,2.4960
2026-07-09 06:54:21,iiitd11k2tk3gwd4a0s0zugrqty0vpdl7j364fuz6eu7q,0,4,2.3901
2026-07-09 06:54:22,iiitd117pglgamht09sm6awh6lgql6r8c8z358le9t2ml,0,3,2.6588
2026-07-09 06:54:24,iiitd110csnjudwnzvkqa8agrtspqznd2m0x5hwqhg3xu,0,5,2.3270
2026-07-09 06:54:24,iiitd1195cwrmcsx0gajrns3gq64wccyjvxy2xav0mlew,0,5,2.3787
2026-07-09 06:54:25,iiitd11k2tk3gwd4a0s0zugrqty0vpdl7j364fuz6eu7q,0,5,2.1640
2026-07-09 06:54:28,iiitd117pglgamht09sm6awh6lgql6r8c8z358le9t2ml,0,4,2.2956
2026-07-09 10:53:04,iiitd110csnjudwnzvkqa8agrtspqznd2m0x5hwqhg3xu,0,1,2.2748
2026-07-09 10:53:07,iiitd110csnjudwnzvkqa8agrtspqznd2m0x5hwqhg3xu,0,2,2.4363
2026-07-09 10:53:11,iiitd110csnjudwnzvkqa8agrtspqznd2m0x5hwqhg3xu,0,3,2.3562
2026-07-09 10:53:15,iiitd110csnjudwnzvkqa8agrtspqznd2m0x5hwqhg3xu,0,4,2.0678
2026-07-09 10:53:18,iiitd110csnjudwnzvkqa8agrtspqznd2m0x5hwqhg3xu,0,5,2.1904
2026-07-09 11:32:48,iiitd110csnjudwnzvkqa8agrtspqznd2m0x5hwqhg3xu,0,1,2.5059
2026-07-09 11:32:51,iiitd110csnjudwnzvkqa8agrtspqznd2m0x5hwqhg3xu,0,2,2.0597
2026-07-09 11:32:55,iiitd110csnjudwnzvkqa8agrtspqznd2m0x5hwqhg3xu,0,3,2.6980
2026-07-09 11:32:59,iiitd110csnjudwnzvkqa8agrtspqznd2m0x5hwqhg3xu,0,4,2.3189
2026-07-09 11:33:02,iiitd110csnjudwnzvkqa8agrtspqznd2m0x5hwqhg3xu,0,5,2.2128
2026-07-09 11:52:55,iiitd110csnjudwnzvkqa8agrtspqznd2m0x5hwqhg3xu,0,1,2.5504
2026-07-09 11:52:58,iiitd110csnjudwnzvkqa8agrtspqznd2m0x5hwqhg3xu,0,2,2.2859
2026-07-09 11:53:02,iiitd110csnjudwnzvkqa8agrtspqznd2m0x5hwqhg3xu,0,3,2.2525
2026-07-09 11:53:06,iiitd110csnjudwnzvkqa8agrtspqznd2m0x5hwqhg3xu,0,4,2.2741
2026-07-09 11:53:09,iiitd110csnjudwnzvkqa8agrtspqznd2m0x5hwqhg3xu,0,5,2.1591
2026-07-09 12:02:46,iiitd110csnjudwnzvkqa8agrtspqznd2m0x5hwqhg3xu,0,1,2.2574
2026-07-09 12:02:50,iiitd110csnjudwnzvkqa8agrtspqznd2m0x5hwqhg3xu,0,2,2.6065
2026-07-09 12:02:53,iiitd110csnjudwnzvkqa8agrtspqznd2m0x5hwqhg3xu,0,3,2.2567
2026-07-09 12:02:57,iiitd110csnjudwnzvkqa8agrtspqznd2m0x5hwqhg3xu,0,4,2.3548
2026-07-09 12:03:01,iiitd110csnjudwnzvkqa8agrtspqznd2m0x5hwqhg3xu,0,5,2.1448
2026-07-09 12:22:54,iiitd110csnjudwnzvkqa8agrtspqznd2m0x5hwqhg3xu,0,1,2.6065
2026-07-09 12:22:58,iiitd110csnjudwnzvkqa8agrtspqznd2m0x5hwqhg3xu,0,2,2.4373
2026-07-09 12:23:01,iiitd110csnjudwnzvkqa8agrtspqznd2m0x5hwqhg3xu,0,3,2.0425
2026-07-09 12:23:05,iiitd110csnjudwnzvkqa8agrtspqznd2m0x5hwqhg3xu,0,4,2.4670
2026-07-09 12:23:09,iiitd110csnjudwnzvkqa8agrtspqznd2m0x5hwqhg3xu,0,5,2.4211
2026-07-09 12:42:48,iiitd110csnjudwnzvkqa8agrtspqznd2m0x5hwqhg3xu,0,1,2.1411
2026-07-09 12:42:52,iiitd110csnjudwnzvkqa8agrtspqznd2m0x5hwqhg3xu,0,2,2.2810
2026-07-09 12:42:56,iiitd110csnjudwnzvkqa8agrtspqznd2m0x5hwqhg3xu,0,3,2.3026
2026-07-09 12:42:59,iiitd110csnjudwnzvkqa8agrtspqznd2m0x5hwqhg3xu,0,4,2.2237
2026-07-09 12:43:03,iiitd110csnjudwnzvkqa8agrtspqznd2m0x5hwqhg3xu,0,5,2.2395
2026-07-09 13:02:55,iiitd110csnjudwnzvkqa8agrtspqznd2m0x5hwqhg3xu,0,1,2.3491
2026-07-09 13:02:58,iiitd110csnjudwnzvkqa8agrtspqznd2m0x5hwqhg3xu,0,2,2.2177
2026-07-09 13:03:02,iiitd110csnjudwnzvkqa8agrtspqznd2m0x5hwqhg3xu,0,3,2.4769
2026-07-09 13:03:06,iiitd110csnjudwnzvkqa8agrtspqznd2m0x5hwqhg3xu,0,4,2.2816
2026-07-09 13:03:09,iiitd110csnjudwnzvkqa8agrtspqznd2m0x5hwqhg3xu,0,5,2.1572
2026-07-09 14:32:51,iiitd110csnjudwnzvkqa8agrtspqznd2m0x5hwqhg3xu,0,1,2.5829
2026-07-09 14:32:55,iiitd110csnjudwnzvkqa8agrtspqznd2m0x5hwqhg3xu,0,2,2.2935
2026-07-09 14:32:58,iiitd110csnjudwnzvkqa8agrtspqznd2m0x5hwqhg3xu,0,3,2.3011
2026-07-09 14:33:02,iiitd110csnjudwnzvkqa8agrtspqznd2m0x5hwqhg3xu,0,4,2.3066
2026-07-09 14:33:06,iiitd110csnjudwnzvkqa8agrtspqznd2m0x5hwqhg3xu,0,5,2.3353
2026-07-09 14:42:49,iiitd110csnjudwnzvkqa8agrtspqznd2m0x5hwqhg3xu,0,1,2.3424
2026-07-09 14:42:53,iiitd110csnjudwnzvkqa8agrtspqznd2m0x5hwqhg3xu,0,2,2.3875
2026-07-09 14:52:49,iiitd110csnjudwnzvkqa8agrtspqznd2m0x5hwqhg3xu,0,1,2.3287
2026-07-09 14:52:52,iiitd110csnjudwnzvkqa8agrtspqznd2m0x5hwqhg3xu,0,2,2.4638
2026-07-09 14:52:56,iiitd110csnjudwnzvkqa8agrtspqznd2m0x5hwqhg3xu,0,3,2.5039
2026-07-09 14:53:00,iiitd110csnjudwnzvkqa8agrtspqznd2m0x5hwqhg3xu,0,4,2.2948
2026-07-09 14:53:03,iiitd110csnjudwnzvkqa8agrtspqznd2m0x5hwqhg3xu,0,5,2.3180
2026-07-09 15:02:54,iiitd110csnjudwnzvkqa8agrtspqznd2m0x5hwqhg3xu,0,1,2.3369
2026-07-09 15:02:58,iiitd110csnjudwnzvkqa8agrtspqznd2m0x5hwqhg3xu,0,2,2.4634
2026-07-09 15:03:01,iiitd110csnjudwnzvkqa8agrtspqznd2m0x5hwqhg3xu,0,3,2.4014
2026-07-09 15:03:05,iiitd110csnjudwnzvkqa8agrtspqznd2m0x5hwqhg3xu,0,4,2.3083
2026-07-09 15:03:09,iiitd110csnjudwnzvkqa8agrtspqznd2m0x5hwqhg3xu,0,5,2.3934
2026-07-10 11:12:54,iiitd110csnjudwnzvkqa8agrtspqznd2m0x5hwqhg3xu,0,1,2.5504
2026-07-10 11:12:58,iiitd110csnjudwnzvkqa8agrtspqznd2m0x5hwqhg3xu,0,2,2.2799
2026-07-10 11:13:02,iiitd110csnjudwnzvkqa8agrtspqznd2m0x5hwqhg3xu,0,3,2.2581
2026-07-10 11:13:06,iiitd110csnjudwnzvkqa8agrtspqznd2m0x5hwqhg3xu,0,4,2.2745
2026-07-10 11:13:10,iiitd110csnjudwnzvkqa8agrtspqznd2m0x5hwqhg3xu,0,5,2.1589
2026-07-10 11:22:58,iiitd110csnjudwnzvkqa8agrtspqznd2m0x5hwqhg3xu,0,1,2.0174
2026-07-10 11:23:02,iiitd110csnjudwnzvkqa8agrtspqznd2m0x5hwqhg3xu,0,2,2.2696
2026-07-10 11:23:06,iiitd110csnjudwnzvkqa8agrtspqznd2m0x5hwqhg3xu,0,3,2.2925
2026-07-10 11:23:10,iiitd110csnjudwnzvkqa8agrtspqznd2m0x5hwqhg3xu,0,4,2.0820
2026-07-10 11:23:14,iiitd110csnjudwnzvkqa8agrtspqznd2m0x5hwqhg3xu,0,5,2.6498
2026-07-10 11:32:53,iiitd110csnjudwnzvkqa8agrtspqznd2m0x5hwqhg3xu,0,1,2.5504
2026-07-10 11:32:56,iiitd110csnjudwnzvkqa8agrtspqznd2m0x5hwqhg3xu,0,2,2.2805
2026-07-10 11:33:00,iiitd110csnjudwnzvkqa8agrtspqznd2m0x5hwqhg3xu,0,3,2.2585
2026-07-10 11:33:04,iiitd110csnjudwnzvkqa8agrtspqznd2m0x5hwqhg3xu,0,4,2.2740
2026-07-10 11:33:07,iiitd110csnjudwnzvkqa8agrtspqznd2m0x5hwqhg3xu,0,5,2.1604
2026-07-10 11:42:50,iiitd110csnjudwnzvkqa8agrtspqznd2m0x5hwqhg3xu,0,1,2.1411
2026-07-10 11:42:54,iiitd110csnjudwnzvkqa8agrtspqznd2m0x5hwqhg3xu,0,2,2.2812
2026-07-10 11:42:57,iiitd110csnjudwnzvkqa8agrtspqznd2m0x5hwqhg3xu,0,3,2.3029
2026-07-10 11:43:01,iiitd110csnjudwnzvkqa8agrtspqznd2m0x5hwqhg3xu,0,4,2.2238
2026-07-10 11:43:05,iiitd110csnjudwnzvkqa8agrtspqznd2m0x5hwqhg3xu,0,5,2.2386
2026-07-10 11:52:52,iiitd1195cwrmcsx0gajrns3gq64wccyjvxy2xav0mlew,0,1,1.7856
2026-07-10 11:52:55,iiitd1195cwrmcsx0gajrns3gq64wccyjvxy2xav0mlew,0,2,2.2196
2026-07-10 11:52:59,iiitd1195cwrmcsx0gajrns3gq64wccyjvxy2xav0mlew,0,3,2.1970
2026-07-10 11:53:03,iiitd1195cwrmcsx0gajrns3gq64wccyjvxy2xav0mlew,0,4,2.3913
2026-07-10 11:53:06,iiitd1195cwrmcsx0gajrns3gq64wccyjvxy2xav0mlew,0,5,2.2572
2026-07-10 12:03:01,iiitd110csnjudwnzvkqa8agrtspqznd2m0x5hwqhg3xu,0,1,2.3656
2026-07-10 12:03:04,iiitd110csnjudwnzvkqa8agrtspqznd2m0x5hwqhg3xu,0,2,2.2736
2026-07-10 12:03:08,iiitd110csnjudwnzvkqa8agrtspqznd2m0x5hwqhg3xu,0,3,2.6866
2026-07-10 12:03:12,iiitd110csnjudwnzvkqa8agrtspqznd2m0x5hwqhg3xu,0,4,2.3439
2026-07-10 12:03:15,iiitd110csnjudwnzvkqa8agrtspqznd2m0x5hwqhg3xu,0,5,2.2420
2026-07-10 12:03:16,iiitd1195cwrmcsx0gajrns3gq64wccyjvxy2xav0mlew,0,1,2.3287
2026-07-10 12:03:19,iiitd1195cwrmcsx0gajrns3gq64wccyjvxy2xav0mlew,0,2,2.3399
2026-07-10 12:03:23,iiitd1195cwrmcsx0gajrns3gq64wccyjvxy2xav0mlew,0,3,2.6282
2026-07-10 12:03:27,iiitd1195cwrmcsx0gajrns3gq64wccyjvxy2xav0mlew,0,4,2.4515
2026-07-10 12:03:30,iiitd1195cwrmcsx0gajrns3gq64wccyjvxy2xav0mlew,0,5,2.1607
2026-07-10 12:23:02,iiitd110csnjudwnzvkqa8agrtspqznd2m0x5hwqhg3xu,0,1,1.7856
2026-07-10 12:23:06,iiitd110csnjudwnzvkqa8agrtspqznd2m0x5hwqhg3xu,0,2,2.2194
2026-07-10 12:23:09,iiitd110csnjudwnzvkqa8agrtspqznd2m0x5hwqhg3xu,0,3,2.2422
2026-07-10 12:23:10,iiitd1195cwrmcsx0gajrns3gq64wccyjvxy2xav0mlew,0,1,2.5504
2026-07-10 12:23:13,iiitd110csnjudwnzvkqa8agrtspqznd2m0x5hwqhg3xu,0,4,2.2817
2026-07-10 12:23:14,iiitd1195cwrmcsx0gajrns3gq64wccyjvxy2xav0mlew,0,2,2.2796
2026-07-10 12:23:17,iiitd110csnjudwnzvkqa8agrtspqznd2m0x5hwqhg3xu,0,5,2.3233
2026-07-10 12:23:17,iiitd1195cwrmcsx0gajrns3gq64wccyjvxy2xav0mlew,0,3,2.2577
2026-07-10 12:23:21,iiitd1195cwrmcsx0gajrns3gq64wccyjvxy2xav0mlew,0,4,2.1421
2026-07-10 12:23:25,iiitd1195cwrmcsx0gajrns3gq64wccyjvxy2xav0mlew,0,5,2.2921
2026-07-10 12:43:00,iiitd1195cwrmcsx0gajrns3gq64wccyjvxy2xav0mlew,0,1,2.0491
2026-07-10 12:43:04,iiitd110csnjudwnzvkqa8agrtspqznd2m0x5hwqhg3xu,0,1,2.4414
2026-07-10 12:43:04,iiitd1195cwrmcsx0gajrns3gq64wccyjvxy2xav0mlew,0,2,2.0719
2026-07-10 12:43:07,iiitd110csnjudwnzvkqa8agrtspqznd2m0x5hwqhg3xu,0,2,2.2577
2026-07-10 12:43:08,iiitd1195cwrmcsx0gajrns3gq64wccyjvxy2xav0mlew,0,3,2.4094
2026-07-10 12:43:11,iiitd110csnjudwnzvkqa8agrtspqznd2m0x5hwqhg3xu,0,3,2.4353
2026-07-10 12:43:11,iiitd1195cwrmcsx0gajrns3gq64wccyjvxy2xav0mlew,0,4,2.3820
2026-07-10 12:43:14,iiitd110csnjudwnzvkqa8agrtspqznd2m0x5hwqhg3xu,0,4,2.4171
2026-07-10 12:43:15,iiitd1195cwrmcsx0gajrns3gq64wccyjvxy2xav0mlew,0,5,2.2040
2026-07-10 12:43:18,iiitd110csnjudwnzvkqa8agrtspqznd2m0x5hwqhg3xu,0,5,1.8401
2026-07-10 13:03:04,iiitd110csnjudwnzvkqa8agrtspqznd2m0x5hwqhg3xu,0,1,2.5504
2026-07-10 13:03:06,iiitd1195cwrmcsx0gajrns3gq64wccyjvxy2xav0mlew,0,1,2.1411
2026-07-10 13:03:08,iiitd110csnjudwnzvkqa8agrtspqznd2m0x5hwqhg3xu,0,2,2.2857
2026-07-10 13:03:10,iiitd1195cwrmcsx0gajrns3gq64wccyjvxy2xav0mlew,0,2,2.2569
2026-07-10 13:03:11,iiitd110csnjudwnzvkqa8agrtspqznd2m0x5hwqhg3xu,0,3,2.2515
2026-07-10 13:03:13,iiitd1195cwrmcsx0gajrns3gq64wccyjvxy2xav0mlew,0,3,2.3268
2026-07-10 13:03:15,iiitd110csnjudwnzvkqa8agrtspqznd2m0x5hwqhg3xu,0,4,2.1423
2026-07-10 13:03:17,iiitd1195cwrmcsx0gajrns3gq64wccyjvxy2xav0mlew,0,4,2.2236
2026-07-10 13:03:19,iiitd110csnjudwnzvkqa8agrtspqznd2m0x5hwqhg3xu,0,5,2.2917
2026-07-10 13:03:21,iiitd1195cwrmcsx0gajrns3gq64wccyjvxy2xav0mlew,0,5,2.2396
2026-07-14 11:53:04,iiitd110csnjudwnzvkqa8agrtspqznd2m0x5hwqhg3xu,0,1,2.3287
2026-07-14 11:53:07,iiitd1195cwrmcsx0gajrns3gq64wccyjvxy2xav0mlew,0,1,2.3491
2026-07-14 11:53:07,iiitd110csnjudwnzvkqa8agrtspqznd2m0x5hwqhg3xu,0,2,2.3092
2026-07-14 11:53:11,iiitd1195cwrmcsx0gajrns3gq64wccyjvxy2xav0mlew,0,2,2.6000
2026-07-14 11:53:11,iiitd110csnjudwnzvkqa8agrtspqznd2m0x5hwqhg3xu,0,3,2.6587
2026-07-14 11:53:14,iiitd1195cwrmcsx0gajrns3gq64wccyjvxy2xav0mlew,0,3,2.0953
2026-07-14 11:53:15,iiitd110csnjudwnzvkqa8agrtspqznd2m0x5hwqhg3xu,0,4,2.2948
2026-07-14 11:53:18,iiitd1195cwrmcsx0gajrns3gq64wccyjvxy2xav0mlew,0,4,2.2785
2026-07-14 11:53:18,iiitd110csnjudwnzvkqa8agrtspqznd2m0x5hwqhg3xu,0,5,2.3173
2026-07-14 11:53:21,iiitd1195cwrmcsx0gajrns3gq64wccyjvxy2xav0mlew,0,5,2.1590
2026-07-15 08:13:25,iiitd1188xc7td42mpcrrhtkjwmxh23y8402ztl6p2w20,0,1,2.4414
2026-07-15 08:13:30,iiitd11sa9sdw2ayx0pmzg2a0g8jezndluf43dsn856es,0,1,2.4414
2026-07-15 08:13:31,iiitd1188xc7td42mpcrrhtkjwmxh23y8402ztl6p2w20,0,2,2.3658
2026-07-15 08:13:32,iiitd11zt6jj54eee5h6m0xep6pe0sdd2hkaxv5fr7wjt,0,1,2.3369
2026-07-15 08:13:33,iiitd11sa9sdw2ayx0pmzg2a0g8jezndluf43dsn856es,0,2,2.1917
2026-07-15 08:13:35,iiitd1188xc7td42mpcrrhtkjwmxh23y8402ztl6p2w20,0,3,2.3273
2026-07-15 08:13:37,iiitd11sa9sdw2ayx0pmzg2a0g8jezndluf43dsn856es,0,3,2.5023
2026-07-15 08:13:39,iiitd11zt6jj54eee5h6m0xep6pe0sdd2hkaxv5fr7wjt,0,2,2.4713
2026-07-15 08:13:41,iiitd11sa9sdw2ayx0pmzg2a0g8jezndluf43dsn856es,0,4,2.4168
2026-07-15 08:13:41,iiitd1188xc7td42mpcrrhtkjwmxh23y8402ztl6p2w20,0,4,2.4167
2026-07-15 08:13:44,iiitd11sa9sdw2ayx0pmzg2a0g8jezndluf43dsn856es,0,5,1.8401
2026-07-15 08:13:44,iiitd11zt6jj54eee5h6m0xep6pe0sdd2hkaxv5fr7wjt,0,3,2.3939
2026-07-15 08:13:48,iiitd1188xc7td42mpcrrhtkjwmxh23y8402ztl6p2w20,0,5,1.8400
2026-07-15 08:13:50,iiitd11zt6jj54eee5h6m0xep6pe0sdd2hkaxv5fr7wjt,0,4,2.2124
2026-07-15 08:13:55,iiitd11zt6jj54eee5h6m0xep6pe0sdd2hkaxv5fr7wjt,0,5,2.4898
2026-07-15 08:23:25,iiitd11zt6jj54eee5h6m0xep6pe0sdd2hkaxv5fr7wjt,0,1,2.5829
2026-07-15 08:23:31,iiitd11zt6jj54eee5h6m0xep6pe0sdd2hkaxv5fr7wjt,0,2,2.2939
2026-07-15 08:23:31,iiitd1188xc7td42mpcrrhtkjwmxh23y8402ztl6p2w20,0,1,2.1691
2026-07-15 08:23:32,iiitd11sa9sdw2ayx0pmzg2a0g8jezndluf43dsn856es,0,1,2.2748
2026-07-15 08:23:36,iiitd11sa9sdw2ayx0pmzg2a0g8jezndluf43dsn856es,0,2,2.3855
2026-07-15 08:23:37,iiitd11zt6jj54eee5h6m0xep6pe0sdd2hkaxv5fr7wjt,0,3,2.2788
2026-07-15 08:23:38,iiitd1188xc7td42mpcrrhtkjwmxh23y8402ztl6p2w20,0,2,2.6368
2026-07-15 08:23:39,iiitd11sa9sdw2ayx0pmzg2a0g8jezndluf43dsn856es,0,3,2.4065
2026-07-15 08:23:42,iiitd11zt6jj54eee5h6m0xep6pe0sdd2hkaxv5fr7wjt,0,4,2.4357
2026-07-15 08:23:43,iiitd11sa9sdw2ayx0pmzg2a0g8jezndluf43dsn856es,0,4,2.0677
2026-07-15 08:23:44,iiitd1188xc7td42mpcrrhtkjwmxh23y8402ztl6p2w20,0,3,2.7212
2026-07-15 08:23:46,iiitd11zt6jj54eee5h6m0xep6pe0sdd2hkaxv5fr7wjt,0,5,2.2279
2026-07-15 08:23:47,iiitd11sa9sdw2ayx0pmzg2a0g8jezndluf43dsn856es,0,5,2.1901
2026-07-15 08:23:50,iiitd1188xc7td42mpcrrhtkjwmxh23y8402ztl6p2w20,0,4,2.7029
2026-07-15 08:23:56,iiitd1188xc7td42mpcrrhtkjwmxh23y8402ztl6p2w20,0,5,2.4771
2026-07-15 08:33:24,iiitd11sa9sdw2ayx0pmzg2a0g8jezndluf43dsn856es,0,1,2.3491
2026-07-15 08:33:28,iiitd11sa9sdw2ayx0pmzg2a0g8jezndluf43dsn856es,0,2,2.6003
2026-07-15 08:33:31,iiitd11sa9sdw2ayx0pmzg2a0g8jezndluf43dsn856es,0,3,2.0952
2026-07-15 08:33:32,iiitd11zt6jj54eee5h6m0xep6pe0sdd2hkaxv5fr7wjt,0,1,2.3321
2026-07-15 08:33:35,iiitd11sa9sdw2ayx0pmzg2a0g8jezndluf43dsn856es,0,4,2.2821
2026-07-15 08:33:35,iiitd1188xc7td42mpcrrhtkjwmxh23y8402ztl6p2w20,0,1,2.6065
2026-07-15 08:33:38,iiitd11zt6jj54eee5h6m0xep6pe0sdd2hkaxv5fr7wjt,0,2,2.2411
2026-07-15 08:33:39,iiitd11sa9sdw2ayx0pmzg2a0g8jezndluf43dsn856es,0,5,2.1567
2026-07-15 08:33:41,iiitd1188xc7td42mpcrrhtkjwmxh23y8402ztl6p2w20,0,2,2.3705
2026-07-15 08:33:44,iiitd11zt6jj54eee5h6m0xep6pe0sdd2hkaxv5fr7wjt,0,3,2.4578
2026-07-15 08:33:46,iiitd1188xc7td42mpcrrhtkjwmxh23y8402ztl6p2w20,0,3,2.1092
2026-07-15 08:33:50,iiitd11zt6jj54eee5h6m0xep6pe0sdd2hkaxv5fr7wjt,0,4,2.1685
2026-07-15 08:33:51,iiitd1188xc7td42mpcrrhtkjwmxh23y8402ztl6p2w20,0,4,2.4673
2026-07-15 08:33:56,iiitd11zt6jj54eee5h6m0xep6pe0sdd2hkaxv5fr7wjt,0,5,2.3297
2026-07-15 08:33:57,iiitd1188xc7td42mpcrrhtkjwmxh23y8402ztl6p2w20,0,5,2.4223
2026-07-15 08:43:26,iiitd11sa9sdw2ayx0pmzg2a0g8jezndluf43dsn856es,0,1,2.3287
2026-07-15 08:43:30,iiitd11sa9sdw2ayx0pmzg2a0g8jezndluf43dsn856es,0,2,2.4640
2026-07-15 08:43:34,iiitd11zt6jj54eee5h6m0xep6pe0sdd2hkaxv5fr7wjt,0,1,2.0174
2026-07-15 08:43:34,iiitd11sa9sdw2ayx0pmzg2a0g8jezndluf43dsn856es,0,3,2.5030
2026-07-15 08:43:36,iiitd1188xc7td42mpcrrhtkjwmxh23y8402ztl6p2w20,0,1,2.3491
2026-07-15 08:43:37,iiitd11sa9sdw2ayx0pmzg2a0g8jezndluf43dsn856es,0,4,2.2949
2026-07-15 08:43:40,iiitd11zt6jj54eee5h6m0xep6pe0sdd2hkaxv5fr7wjt,0,2,2.2692
2026-07-15 08:43:40,iiitd1188xc7td42mpcrrhtkjwmxh23y8402ztl6p2w20,0,2,2.5997
2026-07-15 08:43:41,iiitd11sa9sdw2ayx0pmzg2a0g8jezndluf43dsn856es,0,5,2.3175
2026-07-15 08:43:46,iiitd11zt6jj54eee5h6m0xep6pe0sdd2hkaxv5fr7wjt,0,3,2.2922
2026-07-15 08:43:46,iiitd1188xc7td42mpcrrhtkjwmxh23y8402ztl6p2w20,0,3,2.0954
2026-07-15 08:43:52,iiitd11zt6jj54eee5h6m0xep6pe0sdd2hkaxv5fr7wjt,0,4,2.0817
2026-07-15 08:43:53,iiitd1188xc7td42mpcrrhtkjwmxh23y8402ztl6p2w20,0,4,2.2793
2026-07-15 08:43:58,iiitd11zt6jj54eee5h6m0xep6pe0sdd2hkaxv5fr7wjt,0,5,2.6494
2026-07-15 08:43:59,iiitd1188xc7td42mpcrrhtkjwmxh23y8402ztl6p2w20,0,5,2.1592
2026-07-15 08:53:25,iiitd11zt6jj54eee5h6m0xep6pe0sdd2hkaxv5fr7wjt,0,1,2.3321
2026-07-15 08:53:30,iiitd11zt6jj54eee5h6m0xep6pe0sdd2hkaxv5fr7wjt,0,2,2.4277
2026-07-15 08:53:30,iiitd11sa9sdw2ayx0pmzg2a0g8jezndluf43dsn856es,0,1,2.3656
2026-07-15 08:53:34,iiitd11sa9sdw2ayx0pmzg2a0g8jezndluf43dsn856es,0,2,2.2780
2026-07-15 08:53:35,iiitd11zt6jj54eee5h6m0xep6pe0sdd2hkaxv5fr7wjt,0,3,2.2793
2026-07-15 08:53:37,iiitd1188xc7td42mpcrrhtkjwmxh23y8402ztl6p2w20,0,1,2.4414
2026-07-15 08:53:38,iiitd11sa9sdw2ayx0pmzg2a0g8jezndluf43dsn856es,0,3,2.6837
2026-07-15 08:53:41,iiitd11sa9sdw2ayx0pmzg2a0g8jezndluf43dsn856es,0,4,2.3437
2026-07-15 08:53:42,iiitd11zt6jj54eee5h6m0xep6pe0sdd2hkaxv5fr7wjt,0,4,2.2428
2026-07-15 08:53:43,iiitd1188xc7td42mpcrrhtkjwmxh23y8402ztl6p2w20,0,2,2.3651
2026-07-15 08:53:45,iiitd11sa9sdw2ayx0pmzg2a0g8jezndluf43dsn856es,0,5,2.2425
2026-07-15 08:53:48,iiitd11zt6jj54eee5h6m0xep6pe0sdd2hkaxv5fr7wjt,0,5,2.2470
2026-07-15 08:53:50,iiitd1188xc7td42mpcrrhtkjwmxh23y8402ztl6p2w20,0,3,2.3271
2026-07-15 08:53:56,iiitd1188xc7td42mpcrrhtkjwmxh23y8402ztl6p2w20,0,4,2.4165
2026-07-15 08:54:01,iiitd1188xc7td42mpcrrhtkjwmxh23y8402ztl6p2w20,0,5,1.8395
2026-07-15 09:03:29,iiitd11sa9sdw2ayx0pmzg2a0g8jezndluf43dsn856es,0,1,2.1411
2026-07-15 09:03:32,iiitd11sa9sdw2ayx0pmzg2a0g8jezndluf43dsn856es,0,2,2.2812
2026-07-15 09:03:35,iiitd11zt6jj54eee5h6m0xep6pe0sdd2hkaxv5fr7wjt,0,1,1.7856
2026-07-15 09:03:36,iiitd11sa9sdw2ayx0pmzg2a0g8jezndluf43dsn856es,0,3,2.3022
2026-07-15 09:03:39,iiitd1188xc7td42mpcrrhtkjwmxh23y8402ztl6p2w20,0,1,2.2748
2026-07-15 09:03:40,iiitd11sa9sdw2ayx0pmzg2a0g8jezndluf43dsn856es,0,4,2.2233
2026-07-15 09:03:41,iiitd11zt6jj54eee5h6m0xep6pe0sdd2hkaxv5fr7wjt,0,2,2.2192
2026-07-15 09:03:43,iiitd11sa9sdw2ayx0pmzg2a0g8jezndluf43dsn856es,0,5,2.2393
2026-07-15 09:03:45,iiitd1188xc7td42mpcrrhtkjwmxh23y8402ztl6p2w20,0,2,2.4360
2026-07-15 09:03:47,iiitd11zt6jj54eee5h6m0xep6pe0sdd2hkaxv5fr7wjt,0,3,2.3197
2026-07-15 09:03:52,iiitd1188xc7td42mpcrrhtkjwmxh23y8402ztl6p2w20,0,3,2.3563
2026-07-15 09:03:53,iiitd11zt6jj54eee5h6m0xep6pe0sdd2hkaxv5fr7wjt,0,4,2.2693
2026-07-15 09:03:57,iiitd11zt6jj54eee5h6m0xep6pe0sdd2hkaxv5fr7wjt,0,5,2.2580
2026-07-15 09:03:58,iiitd1188xc7td42mpcrrhtkjwmxh23y8402ztl6p2w20,0,4,2.0677
2026-07-15 09:04:04,iiitd1188xc7td42mpcrrhtkjwmxh23y8402ztl6p2w20,0,5,2.1905
2026-07-15 09:53:06,iiitd11zt6jj54eee5h6m0xep6pe0sdd2hkaxv5fr7wjt,0,1,2.0491
2026-07-15 09:53:11,iiitd11zt6jj54eee5h6m0xep6pe0sdd2hkaxv5fr7wjt,0,2,2.1504
2026-07-15 09:53:18,iiitd11zt6jj54eee5h6m0xep6pe0sdd2hkaxv5fr7wjt,0,3,2.3435
2026-07-15 09:53:24,iiitd11zt6jj54eee5h6m0xep6pe0sdd2hkaxv5fr7wjt,0,4,2.3700
2026-07-15 09:53:30,iiitd11zt6jj54eee5h6m0xep6pe0sdd2hkaxv5fr7wjt,0,5,2.2038
2026-07-15 10:03:04,iiitd11zt6jj54eee5h6m0xep6pe0sdd2hkaxv5fr7wjt,0,1,2.0949
2026-07-15 10:03:11,iiitd11zt6jj54eee5h6m0xep6pe0sdd2hkaxv5fr7wjt,0,2,2.2245
2026-07-15 10:03:17,iiitd11zt6jj54eee5h6m0xep6pe0sdd2hkaxv5fr7wjt,0,3,2.3370
2026-07-15 10:03:23,iiitd11zt6jj54eee5h6m0xep6pe0sdd2hkaxv5fr7wjt,0,4,2.2715
2026-07-15 10:03:30,iiitd11zt6jj54eee5h6m0xep6pe0sdd2hkaxv5fr7wjt,0,5,2.3795
2026-07-15 10:13:09,iiitd11zt6jj54eee5h6m0xep6pe0sdd2hkaxv5fr7wjt,0,1,2.1700
2026-07-15 10:13:15,iiitd11zt6jj54eee5h6m0xep6pe0sdd2hkaxv5fr7wjt,0,2,2.6725
2026-07-15 10:13:21,iiitd11zt6jj54eee5h6m0xep6pe0sdd2hkaxv5fr7wjt,0,3,2.7963
2026-07-15 10:13:27,iiitd11zt6jj54eee5h6m0xep6pe0sdd2hkaxv5fr7wjt,0,4,2.5358
2026-07-15 10:13:32,iiitd11zt6jj54eee5h6m0xep6pe0sdd2hkaxv5fr7wjt,0,5,2.5339
2026-07-15 10:23:00,iiitd11zt6jj54eee5h6m0xep6pe0sdd2hkaxv5fr7wjt,0,1,2.2574
2026-07-15 10:23:06,iiitd11zt6jj54eee5h6m0xep6pe0sdd2hkaxv5fr7wjt,0,2,2.6985
2026-07-15 10:23:12,iiitd11zt6jj54eee5h6m0xep6pe0sdd2hkaxv5fr7wjt,0,3,2.1652
2026-07-15 10:23:18,iiitd11zt6jj54eee5h6m0xep6pe0sdd2hkaxv5fr7wjt,0,4,2.3048
2026-07-15 10:23:24,iiitd11zt6jj54eee5h6m0xep6pe0sdd2hkaxv5fr7wjt,0,5,2.1949
2026-07-15 14:53:40,iiitd11zt6jj54eee5h6m0xep6pe0sdd2hkaxv5fr7wjt,0,1,2.4414
2026-07-15 14:53:43,iiitd1188xc7td42mpcrrhtkjwmxh23y8402ztl6p2w20,0,1,2.6065
2026-07-15 14:53:46,iiitd11zt6jj54eee5h6m0xep6pe0sdd2hkaxv5fr7wjt,0,2,2.3659
2026-07-15 14:53:47,iiitd1188xc7td42mpcrrhtkjwmxh23y8402ztl6p2w20,0,2,2.3704
2026-07-15 14:53:49,iiitd11sa9sdw2ayx0pmzg2a0g8jezndluf43dsn856es,0,1,2.6479
2026-07-15 14:53:52,iiitd11zt6jj54eee5h6m0xep6pe0sdd2hkaxv5fr7wjt,0,3,2.2071
2026-07-15 14:53:54,iiitd1188xc7td42mpcrrhtkjwmxh23y8402ztl6p2w20,0,3,2.1094
2026-07-15 14:53:54,iiitd11sa9sdw2ayx0pmzg2a0g8jezndluf43dsn856es,0,2,2.3493
2026-07-15 14:53:58,iiitd11zt6jj54eee5h6m0xep6pe0sdd2hkaxv5fr7wjt,0,4,2.4420
2026-07-15 14:54:00,iiitd11sa9sdw2ayx0pmzg2a0g8jezndluf43dsn856es,0,3,1.9130
2026-07-15 14:54:00,iiitd1188xc7td42mpcrrhtkjwmxh23y8402ztl6p2w20,0,4,2.3924
2026-07-15 14:54:02,iiitd11zt6jj54eee5h6m0xep6pe0sdd2hkaxv5fr7wjt,0,5,1.9339
2026-07-15 14:54:04,iiitd11sa9sdw2ayx0pmzg2a0g8jezndluf43dsn856es,0,4,2.0646
2026-07-15 14:54:06,iiitd1188xc7td42mpcrrhtkjwmxh23y8402ztl6p2w20,0,5,2.4961
2026-07-15 14:54:10,iiitd11sa9sdw2ayx0pmzg2a0g8jezndluf43dsn856es,0,5,2.1786
2026-07-15 15:03:30,iiitd1188xc7td42mpcrrhtkjwmxh23y8402ztl6p2w20,0,1,2.2574
2026-07-15 15:03:35,iiitd1188xc7td42mpcrrhtkjwmxh23y8402ztl6p2w20,0,2,2.6131
2026-07-15 15:03:40,iiitd1188xc7td42mpcrrhtkjwmxh23y8402ztl6p2w20,0,3,2.2505
2026-07-15 15:03:41,iiitd11sa9sdw2ayx0pmzg2a0g8jezndluf43dsn856es,0,1,2.1700
2026-07-15 15:03:46,iiitd1188xc7td42mpcrrhtkjwmxh23y8402ztl6p2w20,0,4,2.3553
2026-07-15 15:03:46,iiitd11zt6jj54eee5h6m0xep6pe0sdd2hkaxv5fr7wjt,0,1,2.1700
2026-07-15 15:03:47,iiitd11sa9sdw2ayx0pmzg2a0g8jezndluf43dsn856es,0,2,2.6353
2026-07-15 15:03:51,iiitd11zt6jj54eee5h6m0xep6pe0sdd2hkaxv5fr7wjt,0,2,2.6341
2026-07-15 15:03:52,iiitd11sa9sdw2ayx0pmzg2a0g8jezndluf43dsn856es,0,3,2.8348
2026-07-15 15:03:53,iiitd1188xc7td42mpcrrhtkjwmxh23y8402ztl6p2w20,0,5,2.1444
2026-07-15 15:03:56,iiitd11sa9sdw2ayx0pmzg2a0g8jezndluf43dsn856es,0,4,2.5355
2026-07-15 15:03:56,iiitd11zt6jj54eee5h6m0xep6pe0sdd2hkaxv5fr7wjt,0,3,2.8339
2026-07-15 15:04:02,iiitd11sa9sdw2ayx0pmzg2a0g8jezndluf43dsn856es,0,5,2.5345
2026-07-15 15:04:03,iiitd11zt6jj54eee5h6m0xep6pe0sdd2hkaxv5fr7wjt,0,4,2.5932
2026-07-15 15:04:09,iiitd11zt6jj54eee5h6m0xep6pe0sdd2hkaxv5fr7wjt,0,5,2.4779
2026-07-15 16:33:07,iiitd1188xc7td42mpcrrhtkjwmxh23y8402ztl6p2w20,0,1,2.5829
2026-07-15 16:33:10,iiitd1188xc7td42mpcrrhtkjwmxh23y8402ztl6p2w20,0,2,2.2928
2026-07-15 16:33:14,iiitd1188xc7td42mpcrrhtkjwmxh23y8402ztl6p2w20,0,3,2.3022
2026-07-15 16:33:15,iiitd11sa9sdw2ayx0pmzg2a0g8jezndluf43dsn856es,0,1,2.0491
2026-07-15 16:33:17,iiitd11zt6jj54eee5h6m0xep6pe0sdd2hkaxv5fr7wjt,0,1,2.3287
2026-07-15 16:33:18,iiitd1188xc7td42mpcrrhtkjwmxh23y8402ztl6p2w20,0,4,2.3059
2026-07-15 16:33:18,iiitd11sa9sdw2ayx0pmzg2a0g8jezndluf43dsn856es,0,2,2.0301
2026-07-15 16:33:20,iiitd11zt6jj54eee5h6m0xep6pe0sdd2hkaxv5fr7wjt,0,2,2.3093
2026-07-15 16:33:21,iiitd1188xc7td42mpcrrhtkjwmxh23y8402ztl6p2w20,0,5,2.3351
2026-07-15 16:33:22,iiitd11sa9sdw2ayx0pmzg2a0g8jezndluf43dsn856es,0,3,2.4628
2026-07-15 16:33:24,iiitd11zt6jj54eee5h6m0xep6pe0sdd2hkaxv5fr7wjt,0,3,2.6578
2026-07-15 16:33:26,iiitd11sa9sdw2ayx0pmzg2a0g8jezndluf43dsn856es,0,4,2.3693
2026-07-15 16:33:28,iiitd11zt6jj54eee5h6m0xep6pe0sdd2hkaxv5fr7wjt,0,4,2.2952
2026-07-15 16:33:29,iiitd11sa9sdw2ayx0pmzg2a0g8jezndluf43dsn856es,0,5,2.2045
2026-07-15 16:33:31,iiitd11zt6jj54eee5h6m0xep6pe0sdd2hkaxv5fr7wjt,0,5,2.3180
2026-07-17 18:43:34,iiitd11x8cfthw0zjq44sx52k8yt3mfzxuvhjja5ggyr9,0,1,2.2748
2026-07-17 18:43:34,iiitd11m6v5neyjd0r4ufq9k2kz9v3mxhgsnnx9kwj2rq,0,1,2.5504
2026-07-17 18:43:38,iiitd11x8cfthw0zjq44sx52k8yt3mfzxuvhjja5ggyr9,0,2,2.4358
2026-07-17 18:43:38,iiitd11m6v5neyjd0r4ufq9k2kz9v3mxhgsnnx9kwj2rq,0,2,2.2798
2026-07-17 18:43:41,iiitd11m6v5neyjd0r4ufq9k2kz9v3mxhgsnnx9kwj2rq,0,3,2.2585
2026-07-17 18:43:41,iiitd11x8cfthw0zjq44sx52k8yt3mfzxuvhjja5ggyr9,0,3,2.3561
2026-07-17 18:43:45,iiitd11m6v5neyjd0r4ufq9k2kz9v3mxhgsnnx9kwj2rq,0,4,2.2741
2026-07-17 18:43:45,iiitd11x8cfthw0zjq44sx52k8yt3mfzxuvhjja5ggyr9,0,4,2.0678
2026-07-17 18:43:49,iiitd11m6v5neyjd0r4ufq9k2kz9v3mxhgsnnx9kwj2rq,0,5,2.1592
2026-07-17 18:43:49,iiitd11x8cfthw0zjq44sx52k8yt3mfzxuvhjja5ggyr9,0,5,2.1895
2026-07-17 18:53:15,iiitd11x8cfthw0zjq44sx52k8yt3mfzxuvhjja5ggyr9,0,1,2.6836
2026-07-17 18:53:16,iiitd11m6v5neyjd0r4ufq9k2kz9v3mxhgsnnx9kwj2rq,0,1,2.5829
2026-07-17 18:53:19,iiitd11x8cfthw0zjq44sx52k8yt3mfzxuvhjja5ggyr9,0,2,2.2464
2026-07-17 18:53:20,iiitd11m6v5neyjd0r4ufq9k2kz9v3mxhgsnnx9kwj2rq,0,2,2.2928
2026-07-17 18:53:22,iiitd11x8cfthw0zjq44sx52k8yt3mfzxuvhjja5ggyr9,0,3,2.2993
2026-07-17 18:53:23,iiitd11m6v5neyjd0r4ufq9k2kz9v3mxhgsnnx9kwj2rq,0,3,2.3022
2026-07-17 18:53:26,iiitd11x8cfthw0zjq44sx52k8yt3mfzxuvhjja5ggyr9,0,4,2.3912
2026-07-17 18:53:27,iiitd11m6v5neyjd0r4ufq9k2kz9v3mxhgsnnx9kwj2rq,0,4,2.3067
2026-07-17 18:53:30,iiitd11x8cfthw0zjq44sx52k8yt3mfzxuvhjja5ggyr9,0,5,2.1637
2026-07-17 18:53:30,iiitd11m6v5neyjd0r4ufq9k2kz9v3mxhgsnnx9kwj2rq,0,5,2.3357
